t,frontier_floor,d_region,d_mass,d_flow,theta_U,theta_S,f_U,f_S,skilled_share,training_share,ur_U,ur_S,dist_to_z0,dist_to_z1
0.0,0.27111884813962506,0.46405085332621865,0.0,0.0,0.19019279240567616,0.6845292438760004,0.1970096990625905,0.2046598945973059,0.30285190504487086,0.045166091675548484,0.05917284940166162,0.025946904911165025,0.011147881832083713,0.034883494732974536
0.5,0.27112127148023785,0.4641132874775544,0.0,0.0,0.19593134246634203,0.6797317163934486,0.1999597279896596,0.20394145350926657,0.30297750552413755,0.04544718094151939,0.06406105947322474,0.027675914905640208,0.013386096979417911,0.03222080861729694
1.0,0.2711234965018638,0.4641652844005914,0.0,0.0,0.20045588096875971,0.6756512103357656,0.20225533276868837,0.2033283902938287,0.3031034853422918,0.045719113100251445,0.06840551228178335,0.029240455175717713,0.015404418010245452,0.029828354329003267
1.5,0.2711255492167882,0.4642091992863614,0.0,0.0,0.20410034463098897,0.6721477957106171,0.20408564072712945,0.20280055176881284,0.30322973170514755,0.045981895534307475,0.07225974593202927,0.03065728488487121,0.017225646708170717,0.02772637993553969
2.0,0.2711274516232955,0.4642466945070647,0.0,0.0,0.20708697885042965,0.6721062692608798,0.2055734272645091,0.2027942869881704,0.30335615458774917,0.046235606808798624,0.07567446219483057,0.03194129902359259,0.01976754175127294,0.025851298698106616
2.5,0.27112922249986665,0.46428086713564193,0.0,0.0,0.20956913318778378,0.6693606432195149,0.2068017639210787,0.20237964490740032,0.3034826798382534,0.046480372125474415,0.07869666383387597,0.033098585036662666,0.022484400577133593,0.024181711065837202
3.0,0.2711308543672684,0.4643107492834196,0.0,0.0,0.21165595177798213,0.666937468509797,0.2078288444556293,0.20201299213440652,0.303609244850971,0.04671634784968561,0.08136934486969477,0.03414895090817429,0.024924074747986497,0.022677461081295106
3.5,0.2711323608509095,0.4643370454510359,0.0,0.0,0.21342722506961637,0.6647796404665136,0.2086966554347058,0.201685928144193,0.3037357957066672,0.046943711275541276,0.08373147961864066,0.03510297645214324,0.02710779954593818,0.02131816095664138
4.0,0.2711337538551173,0.4643603013294737,0.0,0.0,0.21494266324293468,0.6628490916803969,0.209436269253834,0.2013928628981376,0.3038622851394281,0.04716265340253835,0.08581817508835894,0.0359701500535117,0.029081430494349348,0.020088441054191095
4.5,0.27113504390175297,0.4643809541102155,0.0,0.0,0.21624784999481328,0.6611115029694539,0.21007118213484738,0.20112872464869322,0.3039886711091457,0.04737337390606669,0.08766090762141569,0.0367589687780943,0.031156740998862054,0.018974566314524714
5.0,0.2711362403415495,0.4643993574433235,0.0,0.0,0.21737822460906564,0.6595364528142763,0.2106195104239428,0.20088899448695807,0.30411491578569705,0.04757607760340471,0.08928780021206939,0.037477057846151234,0.03303850759121303,0.017964219657295694
5.5,0.27113735155096236,0.4644157994191823,0.0,0.0,0.21836179225275282,0.6581018474962812,0.2110954659454806,0.20067039147534982,0.3042409848008648,0.04777097190263453,0.09072391171350758,0.03813127162331264,0.03474659476343981,0.017046369517967105
6.0,0.271138385111821,0.4644305187920369,0.0,0.0,0.219221002662777,0.6567877527118668,0.21151036763466619,0.20046994249764344,0.30436684667937774,0.04795826491651976,0.09199152221727945,0.03872776647131061,0.036298794979596836,0.01621115465906118
6.5,0.27113934793628786,0.46444371427942965,0.0,0.0,0.2199740805832549,0.6575090036951112,0.2118733511664037,0.2005799852543834,0.30449247240040483,0.04813816406163303,0.0931104064280715,0.03927207938000327,0.03771766242423909,0.015449765874008063
7.0,0.2711402463830447,0.4644567980283005,0.0,0.0,0.22063599481964094,0.6563950050538339,0.2121918810734741,0.20040999476413043,0.30461783505405504,0.04831087501186328,0.09409809026024288,0.03976340666961212,0.03900457169048659,0.014960700000711591
7.5,0.27114107081860683,0.46446871711248483,0.0,0.0,0.22121916579726766,0.6553672244822927,0.21247212203451432,0.20025303272889294,0.30474290956815986,0.048476600914432205,0.09497008790978968,0.04021252810549321,0.04018228871982502,0.014550498527766036
8.0,0.27114182589293123,0.4644795976533954,0.0,0.0,0.2217339930438053,0.6544137380013999,0.21271921380283912,0.20010730675153887,0.3048676726009991,0.04863554215604383,0.0957401184296355,0.04062340891431586,0.04126933157292769,0.01418426732603996
8.5,0.2711425158502789,0.4644895471632598,0.0,0.0,0.22218925864766362,0.6535282067784806,0.21293748002562404,0.19997187159477253,0.30499210261330173,0.04878789669832077,0.09642030202440763,0.04099962538676242,0.04226627599361087,0.013855891322788721
9.0,0.2711431445979251,0.46449865970806514,0.0,0.0,0.22259242783404154,0.652702402333767,0.21313058324335468,0.19984548847998754,0.3051161789711355,0.04893385737986726,0.09702134148519338,0.04134439365358758,0.0431820241274413,0.01356870192189334
9.5,0.27114371573849944,0.46450701660587196,0.0,0.0,0.22294989038747612,0.6519305923374782,0.21330164845164662,0.19972729650648227,0.30523988221660675,0.04907361296433087,0.0975526805516816,0.04166061433548144,0.04402453385082434,0.013315975127556634
10.0,0.2711442326157126,0.46451468914346156,0.0,0.0,0.22326714581898532,0.6512074651374558,0.21345335754128172,0.19961649612766286,0.30536319396334316,0.04920734797891908,0.09802264741019877,0.04195090044642279,0.04480091416261694,0.013088734038762203
10.5,0.2711446983440737,0.46452173984727135,0.0,0.0,0.22354895217021703,0.6505294817638627,0.21358802478613678,0.19951255697124792,0.30548609680755656,0.04933524260817766,0.09843858297767055,0.04221760786359467,0.04551751810264381,0.012946700578731117
11.0,0.2711451158371459,0.4645282244353337,0.0,0.0,0.22379944558684686,0.6498921652125307,0.21370765722946952,0.1994148028985279,0.30560857425178994,0.04945747263173403,0.0988069551981387,0.04246285789514815,0.04618365230901612,0.01308918387165011
11.5,0.27114548782325837,0.4645341919579468,0.0,0.0,0.22402223304556568,0.6492921137317917,0.2138140014221652,0.1993227208674413,0.3057306106388861,0.049574209396522545,0.09913346063657195,0.04268856552809389,0.04680430108941272,0.0132262089097532
12.0,0.27114581686899375,0.4645396858409867,0.0,0.0,0.22422047169658904,0.6487263070409749,0.21390858316485706,0.19923585495090898,0.30585219109425055,0.04968561981606305,0.09942311488860632,0.0428964593811006,0.04738058849198934,0.013357609010454932
12.5,0.2711461053978761,0.46454474477069735,0.0,0.0,0.22439693307145683,0.6481911121933481,0.21399273957278528,0.19915365387226439,0.3059733014757543,0.04979186639363848,0.09968033272751094,0.0430880997041287,0.047916560485527664,0.013482625603573602
13.0,0.27114635570485596,0.4645494026246275,0.0,0.0,0.22455405719858695,0.6476842832935491,0.21406764598568678,0.19907577825498896,0.30609392832959603,0.04989310726315482,0.09990899911104148,0.043264898823888336,0.048415841825833875,0.013600970871886331
13.5,0.27114656997739905,0.4645536897368806,0.0,0.0,0.22469399558632164,0.6472035667019708,0.21413433731161408,0.19900188670334754,0.3062140587531995,0.04998949594004233,0.10011253235293652,0.04342813213319626,0.04888167678805446,0.01371244583804913
14.0,0.2711467503057518,0.464557633067886,0.0,0.0,0.22481865018027486,0.646746847012116,0.21419372725592017,0.1989316583201729,0.3063336805615643,0.0500811820229358,0.10029393882795486,0.04357895328069286,0.04931697206279725,0.013816918273714972
14.5,0.2711468986952996,0.4645612564869611,0.0,0.0,0.22492970451481017,0.646312636441008,0.21424662367931982,0.19886486809744908,0.30645278215482474,0.050168310941763675,0.10045586253564254,0.043718406875490695,0.049724334794434194,0.013914313206615979
15.0,0.27114701707901206,0.46456458151864827,0.0,0.0,0.22502865093718122,0.6458994522230217,0.2142937419692919,0.1988012913105053,0.30657135248561507,0.05025102402490255,0.10060062845544894,0.04384743721784221,0.050106102340961585,0.014004604139329578
15.5,0.2711471073237401,0.4645676274657924,0.0,0.0,0.22511681386277915,0.645505340800342,0.2143357164312908,0.19874063030909095,0.3066893810331079,0.05032945858432391,0.10073028078222304,0.04396689918427351,0.050464372798747235,0.014096403389435734
16.0,0.27114717123764687,0.4645704112542078,0.0,0.0,0.2251953699581794,0.6451294268808645,0.2143731101471904,0.1986827529805802,0.3068068577793272,0.0504037480044014,0.10084661664790563,0.04407756923532732,0.05080103383446758,0.014181633014488243
16.5,0.27114721058192615,0.46457294825295514,0.0,0.0,0.22526536538041794,0.6447702211112091,0.21440642337775961,0.19862743235393143,0.30692377318718683,0.05047402183251236,0.10095121583010735,0.04418015001496223,0.05111778126854688,0.014259955945969715
17.0,0.2711472270744232,0.46457525199690425,0.0,0.0,0.22532773094910724,0.6444264817899071,0.21443610093857124,0.19857447925622487,0.3070401181807218,0.050540405872803756,0.10104546696056661,0.044275280144190875,0.05141614319192811,0.01433136899561542
17.5,0.2711472223984857,0.4645773344396495,0.0,0.0,0.2253832962913095,0.6440972358335799,0.21446253905340693,0.19852374562006783,0.30715588419058465,0.05060302247793466,0.1011305903220529,0.04436354006364114,0.051697497477290674,0.014395972457857493
18.0,0.27114719821030003,0.46457920620802295,0.0,0.0,0.2254328040087837,0.6448072591276548,0.2144860921914787,0.1986331372238356,0.30727106324648995,0.05066199097443365,0.10120765769509005,0.04444545718310995,0.051963087197867644,0.014453902593625587
18.5,0.27114715614447377,0.4645815468408659,0.0,0.0,0.22547691237663936,0.6445197699627507,0.2145070744277873,0.19858885171026028,0.3073856476033644,0.0507174266314495,0.10127761170240762,0.04451800363205642,0.052209331421883234,0.014504711596538327
19.0,0.27114708946800903,0.4645837298104875,0.0,0.0,0.22551621290060875,0.644245678546506,0.21452576785634395,0.19854662081965735,0.3074996301690118,0.05076944214354315,0.10134127975590951,0.04458542802113645,0.052442354994878385,0.014549246944635353
19.5,0.2711469992250212,0.4645857646506819,0.0,0.0,0.2255512326782252,0.6439842038934673,0.21454242376093502,0.19850632549509611,0.30761300426976895,0.05081814701325128,0.10139938881550008,0.044648091955847145,0.052663032224715856,0.01458767350204956
20.0,0.2711468864171142,0.46458765995960355,0.0,0.0,0.2255824425421781,0.6437350688886437,0.2145572665267356,0.19846792419730244,0.30772576372422566,0.050863647907605114,0.10145257726945564,0.044706326409968834,0.05287215863233918,0.014622483914807489
20.5,0.2711467520079885,0.4645894239383537,0.0,0.0,0.22561026061643522,0.6434976387623894,0.21457049536208,0.19843132015595918,0.3078379026978099,0.05090604832515373,0.10150140623953027,0.044760432059214705,0.05307090368321804,0.014656466601092023
21.0,0.2711465969216771,0.464591064104891,0.0,0.0,0.22563505640103718,0.6432715791440959,0.2145822862655435,0.19839646280291257,0.3079494154401562,0.050945447914442596,0.10154637006154729,0.04481068422170602,0.053265252035605386,0.014684835569986423
21.5,0.2711464220451389,0.46459258753270954,0.0,0.0,0.22565715861837884,0.6430563259282112,0.21459279577648888,0.19836326605431093,0.3080602963216638,0.05098194274022369,0.10158790425308441,0.044857334359723305,0.05345003055791459,0.014707692780091607
22.0,0.2711462282285723,0.4645940007407238,0.0,0.0,0.22567686053290492,0.6428515363797601,0.2146021635197215,0.19833167787395356,0.30817054002772826,0.05101562602471118,0.10162639180396763,0.04490061324705035,0.05362577629426035,0.014725215006373832
22.5,0.27114601628763035,0.46459530995899745,0.0,0.0,0.22569442375438095,0.6426563662555396,0.21461051402581408,0.19830156877843325,0.3082801415631039,0.051046588275685506,0.10166216950756407,0.04494073178510149,0.053792979162426736,0.014737578633487944
23.0,0.27114578700280556,0.464596520628765,0.0,0.0,0.22571008166218004,0.6424702688249586,0.21461795836871145,0.19827285507828646,0.3083890962419601,0.0510749173655,0.10169553358776294,0.04497788580361204,0.053957639192403956,0.014744992294522887
23.5,0.2711455411254365,0.46459763768369194,0.0,0.0,0.22572404242283078,0.6422930210997162,0.21462459560794406,0.19824550296686408,0.3084973996778996,0.0511006986067816,0.10172674464365128,0.04501225611546325,0.05412771055464558,0.014747602936200341
24.0,0.2711452793806532,0.4645986658609104,0.0,0.0,0.2257364916846848,0.6421239402221519,0.21463051407573902,0.19821940761102833,0.30860504777453335,0.0511240148267836,0.10175603199268939,0.0450440084349706,0.05429002969841065,0.014745570704468879
24.5,0.2711450024668094,0.464599609349036,0.0,0.0,0.22574759500469638,0.6419627494662202,0.21463579253550508,0.19819452679008653,0.30871203671664027,0.051144946440530664,0.1017835974847681,0.04507329672961097,0.05444494792842014,0.014739065954528662
25.0,0.2711447110592812,0.46460047210106054,0.0,0.0,0.22575750000296557,0.6418092970159471,0.2146405012098856,0.19817083752346742,0.30881836296135756,0.05116357152110145,0.1018096188527081,0.04510026297297745,0.0545927905134832,0.014728255904065277
25.5,0.2711444058112059,0.464601257952447,0.0,0.0,0.22576633828886655,0.6416632882527151,0.2146447026994237,0.19814829474881077,0.3089240232298666,0.05117996586859283,0.10183425265364587,0.045125037865902454,0.05473385878843246,0.01471330430541737
26.0,0.27114408735322404,0.46460197047183166,0.0,0.0,0.2257742271816937,0.6415244434883018,0.21464845280290767,0.19812685566834629,0.3090290144994345,0.0511942030773827,0.10185763685138288,0.045147742429210456,0.05486843324210636,0.014694395893950211
26.5,0.2711437562943916,0.46460261301474015,0.0,0.0,0.22578127124673422,0.6413924964562211,0.21465180124946867,0.19810647951962618,0.30913333399564424,0.05120635460125379,0.1018798930838958,0.045168488882211526,0.05500132960170567,0.014671659357183738
27.0,0.27114341322303276,0.464603188741617,0.0,0.0,0.22578756366733285,0.6412671939314589,0.21465479235231283,0.19808712752012578,0.30923697918487697,0.051216489816651854,0.10190112865395005,0.04518738143663682,0.05513462329767916,0.014646324391475568
27.5,0.2711430587075408,0.46460370063461653,0.0,0.0,0.22579318747031024,0.6411484761647677,0.21465746559242377,0.19806879074092268,0.3093399477670284,0.05122467608410511,0.10192143827649713,0.045204517009538946,0.055261818556331596,0.01461751522532672
28.0,0.27114269329712526,0.4646041516295351,0.0,0.0,0.22579821662152894,0.6410361550741219,0.21465985614028663,0.19805144040954645,0.3094422376684494,0.05123097880783929,0.10194090561246603,0.045219985245600704,0.05538313375855569,0.01458517055713635
28.5,0.271142317521054,0.46460454454724165,0.0,0.0,0.22580271700378599,0.640929800623696,0.2146619953214741,0.19803501034887405,0.3095438470351997,0.051235461493940176,0.10195960461450483,0.04523386962207226,0.055498774856128336,0.014549451078776917
29.0,0.2711419318888531,0.46460488193791566,0.0,0.0,0.2258067472908404,0.6408291931302339,0.21466391103270177,0.19801946684635893,0.30964477422644227,0.0512381858065902,0.10197760070832108,0.04524624888471701,0.055608937621605306,0.014513820818682055
29.5,0.2711415368925522,0.46460516621930265,0.0,0.0,0.22581035972776492,0.6407341232925752,0.21466562811322853,0.1980047777708314,0.3097450178078826,0.051239211622165125,0.10199495183000731,0.04525719673552798,0.05571380764577508,0.014477363355613216
30.0,0.2711411330073317,0.464605399687408,0.0,0.0,0.22581360082518076,0.640644400849458,0.2146671686752223,0.19799091391237902,0.3098445765454877,0.05123859708199101,0.10201170933590342,0.045266782253885945,0.055813561208623026,0.014437923651565154
30.5,0.27114072069212697,0.4646055845313032,0.0,0.0,0.22581651198169336,0.6405600220757312,0.21466855239991764,0.1979778748686988,0.30994344939937757,0.051236398643491735,0.10202791880107806,0.04527507025067248,0.055908366024379194,0.014395635702834407
31.0,0.2711403003901294,0.4646057229601007,0.0,0.0,0.225819130039028,0.6404806140922614,0.21466979680172035,0.19796560317633322,0.31004163551788677,0.05123267112978362,0.10204362071994098,0.04528212098813567,0.05599838114846329,0.014350628182961666
31.5,0.27113987252777777,0.46460581696832637,0.0,0.0,0.22582148777875122,0.6404059849436714,0.2146709174644961,0.19795406931060497,0.3101391342318911,0.051227467778068,0.10205885112055302,0.04528799187682601,0.05608375935119677,0.014303039608267759
32.0,0.27113943751671554,0.46460586845039514,0.0,0.0,0.22582361460854689,0.6403359609916169,0.2146719283679159,0.19794324656259785,0.3102359451015363,0.05122084044631993,0.10207364188437193,0.04529273708952893,0.05616464683383523,0.014252977177630006
32.5,0.2711389957544017,0.4646058792139834,0.0,0.0,0.225825536039131,0.6402703757929711,0.21467284163894831,0.19793310932185845,0.3103320677150216,0.05121283905401662,0.10208802206713882,0.04529640777759359,0.056241704377703754,0.014200550201240702
33.0,0.2711385476246047,0.4646058509871108,0.0,0.0,0.2258272751161895,0.6402090699259463,0.21467366823256961,0.19792363305072272,0.3104275019139991,0.05120351234768089,0.10210201726986988,0.04529905228640476,0.05631907064915219,0.014145869274128663
33.5,0.27113809349787066,0.4646057854231113,0.0,0.0,0.22582885235370825,0.640151890320583,0.21467441790014735,0.19791479418193067,0.31052224770306774,0.05119290767224234,0.10211565041306607,0.0453007163762135,0.05639231698958853,0.014089040823514995
34.0,0.27113763373196453,0.46460568410549463,0.0,0.0,0.22583028598572555,0.6400986898090975,0.21467509930915937,0.19790657005012013,0.3106163052425855,0.051181071005385506,0.10212894206568562,0.04530144341419698,0.05646156531752826,0.014030167292456451
34.5,0.27113716867228954,0.4646055485523738,0.0,0.0,0.22583159221547425,0.640049326758234,0.21467572016165998,0.19789893883590834,0.3107096748437218,0.051168046997323136,0.10214191072547557,0.045301274549348146,0.05652693309872508,0.013969347312467073
35.0,0.27113669865228585,0.4646053802204798,0.0,0.0,0.22583278543866556,0.6400036647375826,0.21467628730044477,0.1978918795154556,0.3108023569636351,0.051153879009336364,0.10215457306497895,0.04530024887185678,0.05658853363995999,0.013906675865895102
35.5,0.2711362239938114,0.46460518050879807,0.0,0.0,0.22583387844037153,0.6399615722265769,0.21467680680265938,0.19788537181593732,0.3108943522007718,0.051138609151120694,0.10216694414739665,0.04529840355844751,0.05664647635449177,0.01384224443890051
36.0,0.2711357450075058,0.46460495076191227,0.0,0.0,0.22583488257533452,0.6399229223527199,0.21467728406552475,0.19787939617578065,0.3109856612902823,0.05112227831697532,0.10217903761607922,0.045295774004964845,0.05670086700218599,0.013776141165802976
36.5,0.2711352619931385,0.4646046922730175,0.0,0.0,0.22583580792378657,0.6398875926530894,0.21467772388041678,0.1978739337084422,0.3110762850995533,0.0511049262208735,0.10219086586073106,0.04529239394739004,0.05675180790694282,0.013708450965455164
37.0,0.2711347752399423,0.4646044062867119,0.0,0.0,0.2258366634322751,0.6398554652825558,0.21467813049981618,0.19786896623520384,0.3111662246238508,0.051086591430449205,0.10220244016335121,0.04528829557238685,0.056799398153912335,0.013639255670287594
37.5,0.27113428502693404,0.46460409400194497,0.0,0.0,0.22583745703908037,0.6398264346667302,0.21467850769693078,0.1978644774690599,0.311255480982072,0.05106731139993552,0.10221377082633742,0.04528350961625038,0.05684373376592057,0.013573377968720123
38.0,0.2711337916232171,0.46460375657949,0.0,0.0,0.2258381957862755,0.6398003835395104,0.2146788588189674,0.19786044931012092,0.3113440554126038,0.051047122502089835,0.10222486728494819,0.04527806543038676,0.05688490783189438,0.013533465822644914
38.5,0.27113329528820806,0.4646033951345191,0.0,0.0,0.2258388859179153,0.6397772397683779,0.21467918683380818,0.19785687063270427,0.3114319492692898,0.051026060059152126,0.10223573820601797,0.045271991121195704,0.05692301072588848,0.013491246961392193
39.0,0.2711327962719712,0.46460301076786176,0.0,0.0,0.22583953296766102,0.6397570506557985,0.21467949437166461,0.19785374877567227,0.3115191640174897,0.05100415837282925,0.10224639157472502,0.045265313468414725,0.05695813003871944,0.013446811816530856
39.5,0.2711322948151781,0.4646026046374759,0.0,0.0,0.2258401418399717,0.6397395715123417,0.21467978376367228,0.19785104592333425,0.3116057012302626,0.05098145075343989,0.10225683477073418,0.045258057644559056,0.056990350250507575,0.013400985836107108
40.0,0.2711317911481856,0.46460217777734225,0.0,0.0,0.22584071688135537,0.6397247049239145,0.21468005707575996,0.19784874702915206,0.3116915625847126,0.050957969548367295,0.10226707463475711,0.04525024832294243,0.05701975417986818,0.013356548771711215
40.5,0.2711312854923645,0.46460173118790676,0.0,0.0,0.22584126194007764,0.6397123568876959,0.21468031613703253,0.19784683757086136,0.3117767498582748,0.05093374616917967,0.10227711752766208,0.04524190918968638,0.05704642238668182,0.013310099473180969
41.0,0.2711307780603281,0.4646012658378825,0.0,0.0,0.2258417804230366,0.6397024361264788,0.21468056256680512,0.19784530344476403,0.31186126492516314,0.05090881111813968,0.10228696938222485,0.04523306299676669,0.057070433265102145,0.013261717851401716
41.5,0.2711302690561483,0.4646007826654273,0.0,0.0,0.22584227534514717,0.6396948547264526,0.21468079779807792,0.19784413106464774,0.3119451097529082,0.050883194013912364,0.10229663574860029,0.04522373161382983,0.05709186313304336,0.0132114816250823
42.0,0.2711297586755656,0.46460028257993274,0.0,0.0,0.22584274937290613,0.6396895391410371,0.21468102309824352,0.19784330906369327,0.3120282863989831,0.050856923616496255,0.10230612183433076,0.04521393607225256,0.0571107863100375,0.013159466374742884
42.5,0.27112924710618536,0.4645997664730884,0.0,0.0,0.22584320486469828,0.6396867322653146,0.21468123958824578,0.19784287500767372,0.31211079700751493,0.05083002785140504,0.10231543253957376,0.0452036965563003,0.05712727512556063,0.013105745578588342
43.0,0.27112873452754294,0.4645992354194843,0.0,0.0,0.22584364390385714,0.6396860652767504,0.21468144825829433,0.197842771864242,0.31219264380608935,0.05080253383315013,0.10232457248804955,0.04519303139011866,0.05714139863260233,0.013050390310368582
43.5,0.27112822110867507,0.4645986902567246,0.0,0.0,0.22584406833175935,0.6396874590453856,0.21468164998359493,0.1978429873972315,0.3122738291028167,0.050774467888565725,0.10233354605361662,0.04518195929668904,0.05715322553249524,0.012993470037289229
44.0,0.27112770701048394,0.46459813186276233,0.0,0.0,0.22584447977397148,0.6396908374134321,0.21468184553677772,0.19784350982856488,0.31235435528315453,0.0507458555784495,0.10234235738501765,0.04517049832587602,0.05716282281278799,0.012935052297164108
44.5,0.271127192385888,0.4645975610622163,0.0,0.0,0.2258448796664689,0.6396961270996022,0.21468203560035917,0.19784432782364397,0.31243422480694943,0.05071672171899105,0.10235101042714377,0.045158665883319835,0.05717025580009797,0.012875202745356928
45.0,0.2711266773799601,0.4645969786585126,0.0,0.0,0.2258452692748323,0.6397032576143461,0.2146822207758668,0.1978454304784089,0.31251344020555644,0.05068709040256647,0.1023595089397509,0.0451464787575041,0.057175588209867415,0.012813985200624276
45.5,0.2711261621300524,0.4645963854355868,0.0,0.0,0.22584564971559196,0.6397121611856611,0.21468240159398408,0.19784680730801646,0.3125920040790336,0.05065698501791964,0.10236785651407782,0.045133953145127546,0.05717888219333616,0.012751461689906981
46.0,0.2711256467659088,0.46459578215922676,0.0,0.0,0.22584602197199788,0.6397227726917825,0.21468257852204625,0.19784844823656833,0.3126699190934111,0.05062642826975074,0.10237605658748022,0.04512110467489611,0.057180198381903996,0.012687692492066392
46.5,0.2711251314097633,0.4645951695784024,0.0,0.0,0.2258463869103759,0.6397350296119886,0.21468275197181447,0.19785034358962666,0.3127471879780326,0.05059544219773125,0.10238411245642977,0.04510794842985697,0.05717959592915107,0.012622736180611036
47.0,0.27112461617642614,0.4645945484265935,0.0,0.0,0.2258467452933426,0.6397488719780634,0.2146829223057571,0.19785248408681885,0.31282381352296784,0.050564048194964475,0.10239202728800016,0.045094498968327144,0.05717713255061252,0.012556649665404745
47.5,0.27112410117335545,0.46459391942311784,0.0,0.0,0.22584709779067463,0.6397642423672032,0.21468308984221576,0.19785486084083923,0.3128997985764943,0.05053226702590953,0.1023998041300684,0.04508077034355125,0.05717286456154927,0.01248948823339968
48.0,0.27112358650071505,0.4645932832745037,0.0,0.0,0.22584744499122383,0.6397810857833913,0.2146832548610688,0.19785746533919277,0.31297514604264776,0.05050011884378649,0.1024074459204163,0.04506677612200531,0.057166846912661114,0.012421305588362236
48.5,0.27112307225141713,0.4645926406757984,0.0,0.0,0.2258477874131982,0.6397993495919827,0.2146834176086175,0.19786028943415782,0.31304985887883857,0.05046762320747995,0.1024149554947912,0.0450525294010216,0.0571591332246229,0.01235215388979876
49.0,0.2711225585111505,0.46459199231186044,0.0,0.0,0.22584812551179184,0.6398189623494055,0.21468357830121326,0.19786332206940807,0.313123940093534,0.05043479909795729,0.102422335594061,0.045038042825508315,0.05714977582118833,0.012282234843464163
49.5,0.27112204535839435,0.46459133884497666,0.0,0.0,0.225848459687148,0.6398395482590375,0.2146837371290418,0.1978665051289487,0.3131973927440052,0.050401664934216814,0.1024295888706248,0.045023328676309655,0.0571388258550404,0.012216316600750227
50.0,0.2711215328645864,0.4645906807171454,0.0,0.0,0.2258487902922286,0.6398613623584213,0.21468389425986378,0.19786987803925973,0.31327021993412263,0.05036823858874441,0.10243671789417817,0.04500839992937955,0.057126334693986876,0.012149474028514972
50.5,0.271121021096759,0.46459001854900417,0.0,0.0,0.22584911763509868,0.6398843701999501,0.2146840498401008,0.19787343546446234,0.31334242481203567,0.05033453740198665,0.1024437251575838,0.044993268005298924,0.057112351011621425,0.012081753914220197
51.0,0.2711205101152435,0.46458935295987414,0.0,0.0,0.22584944198410423,0.6399077938929119,0.21468420399729612,0.19787705712205983,0.31341401056824214,0.05030057819742738,0.10245061308082355,0.044977943886202396,0.05709692224624746,0.012013201721904725
51.5,0.271119999973554,0.46458868387486046,0.0,0.0,0.2258497636880505,0.639932993787969,0.2146843568972334,0.19788095333338096,0.313484980459333,0.050266377373834194,0.10245738390777488,0.04496244183530893,0.05708009944703091,0.01194386313703877
52.0,0.2711194907269641,0.4645880125115343,0.0,0.0,0.22585008306640997,0.6399592572365784,0.21468450869175457,0.19788501390142277,0.3135553377853732,0.05023195085364812,0.10246403980911523,0.04494676838400595,0.05706192296404997,0.01187377959076922
52.5,0.2711189824164518,0.4645873394648273,0.0,0.0,0.225850400279092,0.63998655038963,0.21468465945686377,0.19788923358285276,0.31362508585242505,0.05019731398821329,0.10247058303524682,0.044930933482477786,0.05704243695030027,0.011802992840117224
53.0,0.2711184750762125,0.464586665329217,0.0,0.0,0.22585071546530439,0.6400148408588346,0.21468480925872593,0.19789360736023745,0.31369422800112456,0.0501624816664258,0.10247701577480617,0.044914946721540776,0.05702168446843117,0.01173154345064157
53.5,0.2711179687335624,0.46458599069971346,0.0,0.0,0.22585102874681795,0.6400440979006277,0.2146849581552183,0.19789813047048882,0.31376276760489025,0.05012746832742006,0.10248334015781299,0.044898817346804155,0.05699970751896416,0.011659470825924834
54.0,0.2711174634088287,0.4645853161730323,0.0,0.0,0.22585134022980885,0.6400742925211791,0.21468510619680614,0.1979027984211069,0.3138307080681839,0.05009228797290471,0.10248955825851018,0.044882554271051076,0.05697654706610605,0.011586813235913207
54.5,0.27111695911522404,0.464584642348899,0.0,0.0,0.22585165000967244,0.6401054541987845,0.21468525342883057,0.19790761575888813,0.3138980528248243,0.0500569541791592,0.10249567209796416,0.04486616608540321,0.05695224306190317,0.011513607844347892
55.0,0.2711164558587027,0.4645839698659729,0.0,0.0,0.2258519581706469,0.6401376571819662,0.21468539989133006,0.19791259395070382,0.313964805336351,0.05002148010870315,0.10250168364634642,0.04484966088718627,0.05692683423122345,0.011439890661053843
55.5,0.27111595363736773,0.46458329943721177,0.0,0.0,0.2258522647876887,0.6401707446344581,0.2146855456199313,0.1979177087403587,0.31403096909047074,0.04998587852174202,0.10250759482495882,0.044833046136415144,0.0569003578935342,0.011365696505646668
56.0,0.27111545244042845,0.4645826317014571,0.0,0.0,0.22585256992921998,0.6402046887694518,0.2146856906471553,0.19792295582203714,0.3140965475995862,0.04995016178740684,0.10251340750794771,0.044816329504721426,0.05687285107963937,0.011291059375219781
56.5,0.2711149522489924,0.4645819673019941,0.0,0.0,0.22585287365814438,0.6402394680537377,0.2146858350029003,0.19792833185675066,0.31416154439924754,0.04991434189430591,0.10251912352438375,0.04479951840902912,0.05684570439241256,0.011216012275441223
57.0,0.27111445303588966,0.46458130689206634,0.0,0.0,0.22585317603325067,0.640275063732755,0.2146859787151086,0.1979338339351112,0.3142259630467112,0.04987843046097853,0.10252474465991156,0.04478261999521864,0.05681925610697437,0.011140587234735938
57.5,0.27111395476542693,0.46458065113728997,0.0,0.0,0.22585347711019743,0.6403114592790601,0.21468612181023478,0.1979394594920438,0.31428980711954835,0.049842438746080006,0.10253027265824871,0.044765641141364186,0.056791835943639964,0.011064815326052652
58.0,0.27111345739310705,0.4645800007176233,0.0,0.0,0.22585377694307707,0.6403486410116228,0.21468626431398893,0.19794520640247415,0.31435308021430053,0.04980637765829979,0.102535709222569,0.04474858846387902,0.05676347739542534,0.010988726689426895
58.5,0.2711129608653207,0.46457935632997394,0.0,0.0,0.22585407558504716,0.6403865978926819,0.21468640625163685,0.1979510729498814,0.31441578594518066,0.04977025776602015,0.10254105601676082,0.044731468320462486,0.05673421312351552,0.010912350552856814
59.0,0.2711124651190009,0.4645787186906873,0.0,0.0,0.2258543730912716,0.6404253216961795,0.21468654764939765,0.1979570578522817,0.3144779279428192,0.049734089306725654,0.10254631466659696,0.04471428681429181,0.056704074970575856,0.010835733951040486
59.5,0.2711119700812411,0.46457808853825083,0.0,0.0,0.22585466951895136,0.6404648073139473,0.2146866885344588,0.19796316030949113,0.31453950985305584,0.049697882196171536,0.10255148676074421,0.04469704979749889,0.056673093973047595,0.010761488186488137
60.0,0.2711114756688748,0.4645774666363539,0.0,0.0,0.22585496492862567,0.6405050528735616,0.21468682893559404,0.19796938002127137,0.3146005353357748,0.04966164603731945,0.10255657385171682,0.04467976287335358,0.05664400536462627,0.010686993066730164
60.5,0.2711109817880098,0.46457685377712565,0.0,0.0,0.2258552593869953,0.6405460598437377,0.2146869688845056,0.19797571720354157,0.3146610080637838,0.04962539012904938,0.1025615774567326,0.04466243139825614,0.05661881852503363,0.010612274483838988
61.0,0.27111048833351625,0.46457625078453807,0.0,0.0,0.22585555296793425,0.6405867368727807,0.21468710841630484,0.19798200319658535,0.3147209317217381,0.04958912347465612,0.10256649905842585,0.0446450604836501,0.05659285645520887,0.010537357534825934
61.5,0.2711099951884638,0.46457565749052754,0.0,0.0,0.22585584575426648,0.6406291659931549,0.21468724757035673,0.19798855973504476,0.31478031000510653,0.049552854790138136,0.10257134010547991,0.04462766039897602,0.05656615289543988,0.010462268727571795
62.0,0.27110950223630814,0.4645750756824865,0.0,0.0,0.22585613776996397,0.6406723491436184,0.21468738635805532,0.1979952325702389,0.314839146618256,0.049516592509493515,0.10257610201700439,0.04461023033707625,0.0565387266784199,0.010387029417393456
62.5,0.2711090093365324,0.4645745062682747,0.0,0.0,0.22585642909978618,0.6407163012801298,0.21468752481968523,0.19800202400134703,0.31489744527511104,0.04948034479756624,0.10258078617799998,0.04459277483919312,0.05651060325722729,0.010311662481326854
63.0,0.27110851633525374,0.46457395020124514,0.0,0.0,0.22585671983796687,0.6407610416002111,0.214687663000034,0.1980089369823895,0.3149552096975183,0.04944411955547675,0.10258539394160969,0.04457529819519535,0.05648180737494527,0.010236190063572003
63.5,0.2711080230644587,0.4645734084847889,0.0,0.0,0.22585701008955839,0.6408065942803862,0.21468780094903084,0.1980159752360362,0.3150124436143789,0.04940792442814279,0.10258992662952425,0.04455780444508723,0.056452363072809174,0.010160633591576398
64.0,0.27110752934117155,0.4645728821776364,0.0,0.0,0.22585729997517512,0.6408529889198408,0.2146879387240009,0.19802314332199372,0.3150691507608232,0.04937176681163054,0.10259438553230411,0.044540297377604426,0.056422293694489416,0.010085013790653073
64.5,0.2711070349665437,0.4645723723996326,0.0,0.0,0.22585758963308475,0.6409002612561836,0.2146880763906595,0.19803044674740863,0.31512533487742805,0.049335653860344435,0.10259877190950267,0.04452278052780121,0.05639162188896232,0.01000935069789498
65.0,0.271106539724857,0.4645718803382436,0.0,0.0,0.2258578792229538,0.6409484539411213,0.214688214024892,0.19803789208649106,0.31518099970947805,0.04929959249406385,0.10260308698967886,0.04450525717249562,0.05636036961051384,0.009938162761989148
65.5,0.27110604338243144,0.4645714072558525,0.0,0.0,0.2258581689304608,0.6409976172255539,0.21468835171494627,0.19804548708610703,0.315236149006271,0.04926358940483484,0.10260733197024217,0.044487730323628884,0.0563285581159267,0.009867319002786493
66.0,0.2711055456864247,0.46457095449775826,0.0,0.0,0.22585845897034262,0.6410461987181777,0.21468848956288084,0.19805299192139575,0.31529078652046827,0.04922765106372595,0.10261150801709462,0.04447020272034637,0.05629620795989833,0.009796383812915204
66.5,0.2711050463635141,0.4645705220039184,0.0,0.0,0.22585874959191127,0.6410972581955092,0.21468862768718625,0.19806087924754656,0.3153449160074907,0.04919178372745654,0.1026156162641215,0.044452684660110646,0.056263349294362226,0.009725379553483609
67.0,0.2711045451371013,0.46457011258070297,0.0,0.0,0.22585904099040247,0.6411494402522284,0.214688766180652,0.1980689396577281,0.3153985412236128,0.04915599344083667,0.10261965781805017,0.04443517055972457,0.05622999106713076,0.009654319279935108
67.5,0.27110404169154506,0.46456972782415706,0.0,0.0,0.22585933347468645,0.6412028375482492,0.21468890519007458,0.1980771874428304,0.3154516659277743,0.04912028605030613,0.1026236337500788,0.044417662506969,0.056196151980714766,0.009583219852488714
68.0,0.27110353568666234,0.4645693694554392,0.0,0.0,0.22585962740583618,0.6412569766089437,0.21468904488706037,0.19808554945083653,0.31550429388007295,0.04908466720696253,0.1026275450974232,0.04440016222732195,0.0561618499407089,0.009512097478639113
68.5,0.2711030267558007,0.464569038791894,0.0,0.0,0.22585992320602002,0.6413107381603999,0.21468918547225233,0.19809385280163988,0.3155564288413534,0.0490491423727613,0.102631392861774,0.04438267390511937,0.056127105773161115,0.009440969291688283
69.0,0.2711025145104712,0.46456873612944816,0.0,0.0,0.22586022132013275,0.6413681144559393,0.21468932715709402,0.19810271405762642,0.31560807457235984,0.04901371682516347,0.10263517800940047,0.04436520706832094,0.05609194702985161,0.009369854962932984
69.5,0.27110199855274225,0.46456846550022707,0.0,0.0,0.2258605221707417,0.6414271119339513,0.21468947014241682,0.19811182527744697,0.3156592348323133,0.0489783956598587,0.10263890147475022,0.04434775096176907,0.056056374264224246,0.009298762471133325
70.0,0.27110147842853805,0.46456822916300167,0.0,0.0,0.22586082636124372,0.6414846142077998,0.21468961471499434,0.19812070518360944,0.3157099133816881,0.04894318380602936,0.10264256414753281,0.04433030617405758,0.05602040265780817,0.00922770568986977
70.5,0.2711009536488926,0.46456802650088325,0.0,0.0,0.22586113459151447,0.6415470962288019,0.21468976120745292,0.19813035364622858,0.315760113980475,0.048908086027446146,0.10264616687397109,0.0443128888525902,0.055984067590219226,0.00915670673351665
71.0,0.2711004237252479,0.4645678629224369,0.0,0.0,0.2258614474982884,0.6416069740526933,0.21468990992240874,0.1981395995283218,0.31580984038527277,0.048873106919985476,0.10264971046477094,0.04429548204733148,0.05594736056434034,0.009085768941212762
71.5,0.27109988809436447,0.46456773685360586,0.0,0.0,0.22586176597412044,0.6416668253971235,0.21469006128406068,0.19814884089051757,0.31585909635410875,0.04883825093249369,0.10265319567464748,0.044278108215489845,0.055910324709985616,0.009014917154370706
72.0,0.2710993462041987,0.4645676490618238,0.0,0.0,0.2258620908167579,0.6417258558801674,0.21469021567154709,0.1981579550852429,0.3159078856402343,0.04880352235368769,0.10265662322043372,0.044260775096204644,0.05587298349792004,0.00894416766386748
72.5,0.27109879748486637,0.4645675995569039,0.0,0.0,0.22586242284688718,0.6417632546094686,0.21469037347490758,0.1981637291612624,0.3159562119935627,0.048768925322521556,0.10265999377513534,0.04424349385815008,0.055835364650649706,0.008873538296180802
73.0,0.2710982413577917,0.46456756882782924,0.0,0.0,0.22586276288114374,0.6417101484695839,0.21469053508225494,0.19815552993174548,0.31600407915959783,0.04873446383061164,0.10266330796970775,0.0442263763624944,0.0557976283874113,0.008803102382824616
73.5,0.27109767747877106,0.4645674723299747,0.0,0.0,0.22586311099260417,0.6396521755115216,0.2146907005283116,0.19783753106390217,0.3160514908613508,0.04870014167335818,0.10266656646584513,0.04420985787092996,0.05576036121467209,0.008733112246359882
74.0,0.27109710655169605,0.4645660826104927,0.0,0.0,0.22586346495737325,0.639860725354739,0.2146908687561247,0.19786977954614876,0.31609845073792153,0.048665962272375594,0.10266977022188759,0.044200263128821984,0.05573191779844385,0.008667085792191727
74.5,0.2710965445841996,0.46456478319613215,0.0,0.0,0.22586381272227096,0.6400454347902655,0.21469103403721454,0.19789833714985883,0.3161449613019116,0.0486319255516629,0.10267292484472108,0.04418942821138151,0.0557015426024328,0.008600504540358742
75.0,0.27109599058266415,0.46456356175423497,0.0,0.0,0.22586415497278411,0.6402093152373727,0.2146911966973765,0.1979236709703074,0.3161910261579083,0.04859803473795449,0.10267603099409552,0.04417757111972039,0.05566953364697061,0.008533498990593856
75.5,0.2710954436924697,0.4645624074956733,0.0,0.0,0.22586449230268957,0.6403551826600916,0.21469135701881853,0.19794621748032018,0.31623664889639713,0.048564292915052445,0.10267908933826954,0.04416487701509517,0.055636145593519065,0.008466207847276171
76.0,0.27109490318081525,0.4645613110833288,0.0,0.0,0.22586482522484824,0.6404855369798912,0.21469151524529087,0.19796636398042697,0.3162818330934581,0.04853070302822008,0.10268210055201263,0.04415150236695938,0.05560159517809515,0.008399758113084015
76.5,0.27109436842042756,0.46456026447458515,0.0,0.0,0.2258651541820606,0.6406025696130668,0.2146916715872458,0.19798444984283092,0.31632658231055233,0.04849726788867706,0.10268506531443762,0.04413757900467325,0.055566066525174436,0.008333150767735107
77.0,0.27109383887499006,0.4645592607727378,0.0,0.0,0.22586547955550332,0.6407084465541648,0.21469182622584732,0.1980008103156623,0.3163709000943306,0.04846399017798841,0.10268798430695038,0.04412321767807024,0.05552971582015421,0.008266455906903347
77.5,0.27109331408620807,0.4645582942299391,0.0,0.0,0.22586580167422357,0.6408045044043708,0.21469197931748354,0.1980156523389418,0.31641478997645645,0.048430872452327293,0.102690858211392,0.04410851043643843,0.05549267442746212,0.008199732967590644
78.0,0.2710927936606463,0.4645573597690604,0.0,0.0,0.2258661208228497,0.6408925042484934,0.21469213099743134,0.19802924833289764,0.3164582554735648,0.04839791714698268,0.10269368770778986,0.04409353526548651,0.05545505499563113,0.008133033304441784
78.5,0.2710922772623287,0.46455645327960493,0.0,0.0,0.22586643724784,0.6409733859702637,0.21469228138282656,0.19804174375229347,0.3165013000869241,0.04836512657980081,0.10269647347361371,0.04407835612925222,0.05541695149832283,0.00806640022138222
79.0,0.27109176460154233,0.46455557110094503,0.0,0.0,0.22586675116511118,0.6410480619684723,0.21469243057628912,0.19805327974934644,0.3165439273024472,0.04833250295554387,0.10269921618165676,0.04406302728980278,0.055378444928949486,0.008000546382665494
79.5,0.27109125542991425,0.4645547100429811,0.0,0.0,0.22586706276246063,0.6411174033948801,0.21469257866707472,0.19806399105664046,0.31658614059035123,0.048300048369027196,0.10270191649959724,0.04404759428696048,0.055339604586922074,0.007935739683408397
80.0,0.2710907495351585,0.46455386736761695,0.0,0.0,0.225867372204421,0.6411821589874208,0.2146927257333819,0.19807399345806212,0.3166279434048956,0.048267764808366864,0.10270457508936148,0.044032095025009516,0.05530048950710216,0.007871067258893487
80.5,0.2710902467359764,0.464553040726217,0.0,0.0,0.22586767963462293,0.641243019671215,0.214692871843475,0.19808339377626077,0.31666933918416307,0.048235654158235663,0.10270719260636904,0.04401656097229892,0.055261150040257875,0.007806553625245559
81.0,0.27108974687766035,0.4645522281446206,0.0,0.0,0.22586798518066803,0.641300449377876,0.2146930170580002,0.19809226374923183,0.3167103313498454,0.048203718203002385,0.10270976969892058,0.044001017977950634,0.055221628929075964,0.007742219939132127
81.5,0.2710892498278199,0.46455142770198177,0.0,0.0,0.22586828895894273,0.641355447183832,0.2146931614322734,0.19810075774477098,0.31675092330706694,0.04817195862986827,0.10271230700746756,0.04398548858924865,0.05518196436969336,0.007678085285348548
82.0,0.2710887554760459,0.464550638362367,0.0,0.0,0.22586859103334617,0.641407921815929,0.214693304996665,0.1981088617156691,0.31679111844397,0.048140377031164305,0.10271480516492282,0.04396998808865677,0.05514218477028773,0.007614164499446489
82.5,0.27108826372320804,0.46454985885149497,0.0,0.0,0.22586889148399586,0.6414582059892905,0.2146934477892534,0.19811662708991398,0.31683092013206543,0.04810897490885929,0.10271726479520248,0.043954531240206436,0.05510231767164475,0.007550472073833343
83.0,0.27108777448459126,0.46454908806558715,0.0,0.0,0.22586919038102657,0.6415065828971401,0.2146935898433725,0.1981240976382873,0.3168703317256784,0.04807775367618095,0.1027196865137369,0.04393913017372227,0.05506238695011947,0.007487020445824645
83.5,0.27108728768798346,0.4645483250452995,0.0,0.0,0.22586948778487287,0.6415533628327386,0.21469373118774596,0.1981313213081738,0.31690935656174674,0.04804671466022849,0.10272207092728712,0.04392379482309195,0.055022413398171016,0.007423820806241741
84.0,0.2710868032720598,0.4645475690022456,0.0,0.0,0.2258697837473684,0.6415988740323608,0.21469387184700953,0.19813834880948988,0.316947997959623,0.048015859104498945,0.1027244186338475,0.04390853304180063,0.054982414878435575,0.007360882980137821
84.5,0.27108632118441295,0.46454681932649877,0.0,0.0,0.22587007831300027,0.6416431187830315,0.21469401184230763,0.1981451805162347,0.31698625922092705,0.04798518817146505,0.1027267302224092,0.043893350810401986,0.05494240659972288,0.007298215547197342
85.0,0.27108584137946024,0.46454607539059223,0.0,0.0,0.22587037152143682,0.6416862421272864,0.2146941511924942,0.19815183884312973,0.3170241436294332,0.047954702945160084,0.10272900627265637,0.04387825347718228,0.05490240276064936,0.007235826531685925
85.5,0.2710853638187626,0.4645453366386967,0.0,0.0,0.22587066340693807,0.6417283665018819,0.21469428991385298,0.19815834271118457,0.317061654450809,0.047924404433219076,0.1027312473553201,0.043863245356032775,0.054862416019865336,0.007173723185819546
86.0,0.27108488847023693,0.4645446025743949,0.0,0.0,0.22587095399689683,0.6417696338563409,0.21469442801940386,0.19816471405109445,0.3170987949324422,0.0478942935691041,0.10273345403220419,0.043848329908285126,0.05482245773903916,0.007111912095211338
86.5,0.27108441530750915,0.4645438727766236,0.0,0.0,0.2258712433125305,0.6418101195494059,0.21469456551923174,0.19817096450985805,0.3171355683032734,0.04786437121426103,0.10273562685630451,0.04383350975777378,0.054782616760638655,0.007050399192263764
87.0,0.271083944309059,0.4645431468570317,0.0,0.0,0.22587153137011234,0.6418498789848934,0.21469470242107178,0.19817710265213428,0.3171719777736577,0.047834638160282626,0.10273776637184263,0.0438187870103809,0.054743970772275656,0.00698918993719126
87.5,0.27108347545788414,0.46454242445000954,0.0,0.0,0.22587181818001703,0.6418889745691752,0.21469483872985587,0.19818313812233912,0.3172080265352048,0.04780509513092354,0.10273987311441907,0.0438041633632574,0.054705353427714105,0.006928289382915614
88.0,0.27108300874128255,0.46454170521749816,0.0,0.0,0.22587210374695876,0.6419274590093809,0.21469497444782548,0.19818907906626848,0.3172437177606229,0.047775742784046595,0.10274194761123444,0.043789640124504085,0.05466677291479439,0.006867702190520374
88.5,0.2710825441505731,0.4645409888437609,0.0,0.0,0.22587238806995297,0.6419653767139459,0.21469510957451393,0.19819493234756433,0.3172790546035753,0.04774658171353895,0.10274399038128126,0.043775218283674096,0.05462823684488093,0.006807432672578377
89.0,0.27108208168087644,0.46454027503085893,0.0,0.0,0.2258726711419253,0.6420027650247331,0.21469524410656005,0.19820070373813,0.3173140401985456,0.047717612451173494,0.10274600193555655,0.04376089857037858,0.05458975233307467,0.006747484829801284
89.5,0.2710816213309494,0.4645395634947613,0.0,0.0,0.22587295295071755,0.642039655408978,0.21469537803818686,0.1982063981023016,0.31734867766070696,0.04768883546841665,0.10274798277730385,0.0437466815027283,0.05455132606498681,0.006687862381975902
90.0,0.2710811631030655,0.46453885396212224,0.0,0.0,0.225873233478683,0.6420760746909842,0.21469551136100862,0.19821201958711432,0.31738297008579797,0.04766025117818497,0.10274993340223605,0.043732567426593205,0.05451296435134316,0.006628568793726381
90.5,0.27108070700293413,0.46453814616783684,0.0,0.0,0.22587351270292183,0.6421120447313275,0.21469564406414318,0.19821757157290773,0.3174169205500041,0.0476318599365517,0.10275185429878532,0.04371855654622245,0.05447467317114533,0.00656960729541789
91.0,0.2710802530396489,0.46453743985198187,0.0,0.0,0.2258737905955946,0.6421475847970382,0.21469577613436094,0.198223057039269,0.31745053210984525,0.04760366204440615,0.10275374594835489,0.043704648954431186,0.05443645821424378,0.006510980903714672
91.5,0.2710798012256736,0.4645367347586808,0.0,0.0,0.22587406712521915,0.6421827110795801,0.2146959075567009,0.19822847849070505,0.31748380780206803,0.0475756577490644,0.1027556088255745,0.0436908446492033,0.0543983249058928,0.006452692434569073
92.0,0.2710793515768424,0.46453603063430166,0.0,0.0,0.22587434225765987,0.6422168819498125,0.21469603831494116,0.19823375233987073,0.31751675064354373,0.04754784724583708,0.10275744339851847,0.04367714355182037,0.05436027843328817,0.006394744516947401
92.5,0.27107890411238217,0.46453532670701003,0.0,0.0,0.2258746159576666,0.6422511309367352,0.2146961683923301,0.19823903810459248,0.3175493636311723,0.04752023067955297,0.10275925012890089,0.04366354819457608,0.05432232730989646,0.006337141071922962
93.0,0.2710784588614215,0.46453462314611005,0.0,0.0,0.22587488814784507,0.6422843808627835,0.2146962977520869,0.19824416954596366,0.3175816497413204,0.04749280814462897,0.10276102947417601,0.04365005583095788,0.0542844729218096,0.006279882984444383
93.5,0.2710780158514098,0.46453391911481,0.0,0.0,0.22587515877748898,0.6423177257710756,0.21469642637011452,0.19824931551249744,0.31761361193052773,0.04746557968893768,0.10276278188548399,0.043636669191929836,0.05424672378587466,0.006222974011832462
94.0,0.2710775751206323,0.46453321477334536,0.0,0.0,0.22587542774913405,0.6423506555834858,0.21469655420009395,0.19825439728810357,0.3176452531345625,0.04743854531258307,0.10276450781069661,0.04362338540840584,0.05420908086962592,0.006166414707572465
94.5,0.2710771367059474,0.46453250980658367,0.0,0.0,0.22587569499827073,0.6423831723040985,0.21469668121136815,0.1982594151869794,0.3176765762691822,0.04741170497182951,0.1027662076923174,0.04361020436288902,0.054171548663763544,0.006110207007935956
95.0,0.27107670064869255,0.4645318038902895,0.0,0.0,0.22587596046059258,0.642414763527323,0.21469680737337676,0.19826429014378832,0.3177075842296802,0.04738505857924709,0.10276788196834243,0.04359712591055455,0.05413413150083735,0.006054352709975888
95.5,0.27107626699486576,0.4645310961754117,0.0,0.0,0.22587622407728292,0.6424462799818351,0.21469693265816836,0.1982691534433266,0.317738279890805,0.047358606004967926,0.10276953107244273,0.04358415253110921,0.054096837073222055,0.00599885492782362
96.0,0.271075835801737,0.464530386497651,0.0,0.0,0.22587648574881564,0.6424779286698712,0.21469705701844444,0.19827403702776114,0.3177686661062161,0.04733234707650509,0.10277115543591225,0.043571282733266686,0.054059667690871845,0.005943714480679837
96.5,0.2710754071294842,0.4645296749884077,0.0,0.0,0.22587674537515162,0.6425091604207832,0.2146971804066627,0.19827885615835414,0.3177987457089812,0.04730628158169324,0.10277275548657602,0.043558513599333507,0.05402262365703793,0.005888931292276243
97.0,0.2710749810375547,0.4645289612695133,0.0,0.0,0.22587700289710405,0.642539963965485,0.21469730279469612,0.1982836091010221,0.3178285215118012,0.04728040927071307,0.1027743316478843,0.04354584512789889,0.05398612345751293,0.0058345067725271245
97.5,0.27107455759100835,0.4645282449420903,0.0,0.0,0.22587725827003963,0.6425703260240858,0.2146974241613343,0.1982882938115295,0.31785799630654704,0.04725472985597139,0.10277588433969236,0.04353327731858684,0.05395079370145948,0.005780442222652607
98.0,0.27107413686086107,0.46452752558398325,0.0,0.0,0.22587751147091645,0.6426002327082398,0.21469754449562833,0.1982929081518867,0.31788717286418455,0.04722924301315076,0.10277741397805523,0.04352081017961682,0.05391559568589693,0.005726738842017267
98.5,0.27107371892446547,0.46452680274842734,0.0,0.0,0.22587776250432373,0.6426296738650529,0.2146976637997609,0.19829745056055742,0.31791605393469935,0.047203948382218405,0.10277892097479932,0.04350844372766181,0.05388053304286785,0.005673397730645406
99.0,0.27107330386591316,0.46452607596673273,0.0,0.0,0.22587801140870364,0.642659006926065,0.21469778209200352,0.19830197618789605,0.3179446422470224,0.04717884556839807,0.10278040573689735,0.04349617796677889,0.053845609285498856,0.005620419880196217
99.5,0.2710728917764082,0.4645253449791431,0.0,0.0,0.22587825826599114,0.6426880509843685,0.21469789941129747,0.19830645712492836,0.3179729405089589,0.04715393414311639,0.1027818686656191,0.04348401169892382,0.05381082623171543,0.00556780552611159
100.0,0.27107248275176876,0.46452460940666634,0.0,0.0,0.22587850321469993,0.642716715633185,0.21469801582347317,0.19831087942713363,0.31800095140732876,0.047129213645546085,0.10278331015448092,0.04347194437144817,0.05377618645592659,0.005515555160494522
100.5,0.2710720768939792,0.46452386879543517,0.0,0.0,0.22587874645660957,0.6427449212375622,0.21469813142442803,0.19831523081298277,0.3180286776078369,0.0471046835832839,0.10278473058799402,0.043459975757495925,0.05374169286627219,0.0054636693592937284
101.0,0.2710716743122109,0.46452312262390477,0.0,0.0,0.22587898826774622,0.6427719653450782,0.21469824634534493,0.19831940292063546,0.31805612175497383,0.04708034343309553,0.10278613033998199,0.04344810586872309,0.05370734858978987,0.0054122143052677
101.5,0.27107127512376566,0.46452236970047717,0.0,0.0,0.2258792290080799,0.6427990780047899,0.2146983607573008,0.1983235855157668,0.31808328647192063,0.04705619264163871,0.10278750977145383,0.04343633800379476,0.053673161017149335,0.005361165988098507
102.0,0.27107087946253744,0.4645216099497826,0.0,0.0,0.2258794690780136,0.6428258040688174,0.21469847485058813,0.19832770838551916,0.318110174359901,0.04703223062451057,0.10278886923034938,0.043424669118003835,0.05363912902724569,0.005310482955103417
102.5,0.27107048746533496,0.4645208428500292,0.0,0.0,0.22587970901135374,0.6428523524236367,0.2146985888788987,0.19833180375628473,0.3181367879990821,0.04700845676996082,0.10279020904589017,0.043413098704795504,0.05360525477056478,0.005260165239780927
103.0,0.27107009927747366,0.46452006794338957,0.0,0.0,0.22587994945323767,0.6428768263619096,0.214698703148834,0.198335579050959,0.3181631299481895,0.04698487043862155,0.10279152952569712,0.04340162582779521,0.05357153973156446,0.005210212556910827
103.5,0.2710697150520841,0.46451928310721147,0.0,0.0,0.2258801911528162,0.6429020722830139,0.21469881801642696,0.19833947335467197,0.31818920274453777,0.04696147096449174,0.10279283095158662,0.0433902580308942,0.05353799655018519,0.005160629164938369
104.0,0.27106933497095026,0.46451848881850966,0.0,0.0,0.2258804348538505,0.6429266849380811,0.21469893383514843,0.19834326990047052,0.31821500890250354,0.0469382576512174,0.1027941135819707,0.04337898829241968,0.05350609547821261,0.00511141129023788
104.5,0.2710689592125058,0.46451768425347234,0.0,0.0,0.22588068146040635,0.6429506367901999,0.21469905103465312,0.1983469644464705,0.31824055091567954,0.04691522977952786,0.1027953776415651,0.04336781701029147,0.05347534258274334,0.005062559132017177
105.0,0.27106858796796324,0.46451686853816304,0.0,0.0,0.22588093194043177,0.6429730909513928,0.21469917007495462,0.19835042791284926,0.31826583125579067,0.04689238660470968,0.10279662332025603,0.04335674457441713,0.053444747857480365,0.0050140728074062595
105.5,0.27106822144208853,0.4645160399914319,0.0,0.0,0.22588118729706178,0.6429954934468096,0.2146992914327881,0.19835388334971743,0.31829085237259885,0.04686972735713145,0.1027978507701839,0.04334577523019636,0.05341431927698063,0.0049659544579486545
106.0,0.2710678598634167,0.46451519823405146,0.0,0.0,0.2258814484688028,0.6430174351203446,0.21469941555417288,0.19835726764950562,0.318315616693118,0.046847251240679046,0.10279906010638484,0.04333490572780516,0.053384054434121496,0.004918506342521674
106.5,0.2710675034683302,0.4645143423943645,0.0,0.0,0.2258817163654686,0.6430386215639268,0.21469954287149112,0.19836053540727921,0.31834012662264954,0.046824957436701044,0.10280025140251256,0.04332413553042021,0.053353954562594966,0.004871926000819128
107.0,0.2710671525072619,0.46451347137569515,0.0,0.0,0.2258819917586304,0.6430589717616153,0.2146996737514244,0.19836367413335043,0.31836438454434074,0.04680284510338468,0.10280142469195079,0.043313465068664576,0.053324022140346296,0.004825693850346129
107.5,0.2710668072476548,0.46451258398522266,0.0,0.0,0.22588227516829157,0.6430772968537156,0.21469980844109626,0.1983665004734383,0.3183883928189263,0.04678091337570801,0.10280257997128525,0.04330289493786375,0.0532942597888084,0.004779809982024888
108.0,0.27106646797536044,0.46451167788773573,0.0,0.0,0.2258825667479799,0.6430948910432712,0.21469994701346318,0.1983692140460963,0.3184121537845602,0.046759161365656034,0.1028037172068021,0.0432924312130923,0.05326467757904196,0.004734277398047627
108.5,0.2710661350091019,0.4645107518934822,0.0,0.0,0.22588286606530267,0.6431121363768595,0.21470008926302447,0.19837187377826312,0.31843566975567994,0.04673758815953608,0.10280483634851328,0.04328207296842201,0.053235275887219484,0.004689095217405109
109.0,0.2710658086866466,0.4645098051390534,0.0,0.0,0.22588317200157892,0.6431282319161618,0.21470023465812402,0.19837435614652588,0.318458943023809,0.04671619282118741,0.10280593734263221,0.04327181741647535,0.053206052462896204,0.004644261479911693
109.5,0.27106548936099856,0.46450883599427034,0.0,0.0,0.22588348259386687,0.6431431266900163,0.21470038226587537,0.19837665329654902,0.31848197585773674,0.046694974393210666,0.1028070201504895,0.043261665757735705,0.053177010475977865,0.004599776329523145
110.0,0.2710651774101788,0.46450784274426143,0.0,0.0,0.225883794795447,0.6431569056286358,0.2147005306383342,0.1983787783329333,0.3185047705027298,0.0466739318952566,0.10280808477690417,0.04325161914459092,0.053148152981183396,0.004555639817043856
110.5,0.27106487323867734,0.4645068237175672,0.0,0.0,0.22588410426027328,0.6431677144311155,0.2147006777100613,0.19838044528854204,0.3185273291802595,0.04665306432391834,0.10280913130411834,0.04324167802909725,0.05311948203511045,0.004511851546391873
111.0,0.27106457727736577,0.4645057754573441,0.0,0.0,0.2258844051668561,0.6431785892906144,0.21470082071442617,0.19838212241746364,0.3185496540878172,0.04663237065288657,0.10281015993283057,0.043231851599973885,0.05309101168419654,0.004468415801757031
111.5,0.27106429000624893,0.4645046972736212,0.0,0.0,0.22588468995727035,0.6431878441334863,0.21470095605957398,0.1983835496950484,0.3185717473970502,0.046611849828075966,0.10281117103662153,0.04322213330856242,0.05306273434202636,0.004425328246634973
112.0,0.27106401192087165,0.46450358692613475,0.0,0.0,0.2258849494577365,0.6431943977216943,0.21470107938573255,0.1983845603801787,0.3185936112558042,0.04659150077460985,0.10281216520876651,0.043212525096268446,0.0530346541152402,0.004382589095791197
112.5,0.2710637435521014,0.4645024411392762,0.0,0.0,0.2258851729033589,0.643200050300544,0.21470118557696966,0.19838543210878073,0.3186152477865385,0.04657132239270272,0.10281314332278485,0.043203033610284616,0.053006781624326274,0.004340201051546924
113.0,0.27106348547985315,0.4645012582689264,0.0,0.0,0.2258853482160278,0.6432047142056031,0.21470126889326277,0.19838615136334453,0.31863665908501165,0.046551313554499416,0.1028141065917875,0.04319365592965325,0.05297911440134131,0.004298161552484554
113.5,0.2710632383138516,0.46450003636358117,0.0,0.0,0.2258854628252152,0.6432050756432361,0.21470132336057335,0.19838620710314972,0.3186578472212602,0.04653147310788188,0.1028150566105074,0.043184390784036304,0.05295165233315354,0.004256468870452358
114.0,0.27106300269833905,0.4644987705124465,0.0,0.0,0.22588550489378084,0.6432057600756917,0.2147013433533967,0.19838631265418463,0.3186788142390071,0.04651179987544301,0.1028159953798139,0.04317525186246348,0.05292441597167202,0.004215129326268045
114.5,0.27106277934995054,0.4644974601082354,0.0,0.0,0.22588546520204728,0.6432039774727367,0.21470132449014803,0.19838603774660904,0.3186995621526545,0.04649229264626987,0.10281692530300725,0.043166228640504005,0.052897392664465255,0.004174136032239904
115.0,0.2710625690056347,0.4644961019793746,0.0,0.0,0.22588534051953302,0.643200156273525,0.21470126523555053,0.1983854484516703,0.31872009295060844,0.04647295018695495,0.10281784909450928,0.043157324711569654,0.05287058923603613,0.0041334896982495395
115.5,0.27106237245534615,0.46449469331133536,0.0,0.0,0.22588513812929928,0.6431929766019508,0.2147011690508028,0.19838434121753343,0.31874040859298713,0.04645377123541918,0.10281876960487675,0.043148540856682224,0.05284400863721059,0.004093189441514318
116.0,0.271062190538643,0.4644932300028263,0.0,0.0,0.22588488256743416,0.643179458467217,0.21470104759649383,0.19838225646191399,0.31876051101191627,0.04643475450268752,0.10281968948559762,0.04313988364502875,0.052817661646148165,0.0040532374503608306
116.5,0.27106202416139236,0.46449170504332976,0.0,0.0,0.2258846250974283,0.6431656691109383,0.2147009252352824,0.19838012985615874,0.31878040211072284,0.0464158986713081,0.10282061063566253,0.04313137262344905,0.05279157654346637,0.0040136428729686995
117.0,0.27106187433237516,0.46449011692571424,0.0,0.0,0.2258844568724214,0.6431472342492862,0.21470084528723074,0.1983772867811703,0.318800083762042,0.04639720239057254,0.1028215333357852,0.043122995161331126,0.05276573666892946,0.00397439735297491
117.5,0.2710617420946516,0.46448846015724626,0.0,0.0,0.22588452765290082,0.6431245649747437,0.21470087892528575,0.19837379060753718,0.3188195578140246,0.04637866429613343,0.1028224549050537,0.0431147586452705,0.05274015170440199,0.003935503329588324
118.0,0.2710616285727679,0.46448672874747027,0.0,0.0,0.22588507092184157,0.6430973078652127,0.21470113711085106,0.1983695867925022,0.31883882608969216,0.04636028300843397,0.10282336775604867,0.04310666904170907,0.05271482743431657,0.003896962421968653
118.5,0.27106153497506286,0.4644849155950938,0.0,0.0,0.22588643814187365,0.6430661456577634,0.21470178687325056,0.19836478059208243,0.3188578903906351,0.046342057144185135,0.10282425657540613,0.04309873288488069,0.05268976739442609,0.0038587765206724834
119.0,0.2710614626005581,0.4644830131201941,0.0,0.0,0.22588914412628947,0.6430304388342365,0.2147030728688911,0.19835927332460512,0.31887675250237735,0.04632398533242154,0.10282509432601757,0.04309095209932822,0.052664964208131146,0.0038209450074665426
119.5,0.2710614128336429,0.4644810113361499,0.0,0.0,0.22589392858507074,0.6429896612120769,0.21470534662260998,0.19835298377184873,0.31889541420332046,0.04630606624069851,0.10282583667482004,0.04308333186238512,0.05264040825498752,0.0037834690442118185
120.0,0.27106138715650324,0.46447889758054706,0.0,0.0,0.22590183774086584,0.6429486169192699,0.21470910529638948,0.1983466528863294,0.3189138772762056,0.0462882986079033,0.10282641428711616,0.04307587793151073,0.0526160810195936,0.003746350168527086
