0.55824,-0.075435,0.16013,2.7401e-31,-0.12989,0.12069,-0.096226,-0.1469,0.17791,3.2718e-31,-0.25325,-0.13659,-0.30799,0.10131,0.0051621
0.27028,-0.028805,0.026886,-2.7401e-31,-0.03798,0.037557,-0.029783,-0.053558,0.085605,-3.2718e-31,-0.082449,-0.048253,-0.094242,0.033761,0.0019458
0.14102,-0.011819,-0.031041,8.2415e-31,-0.016694,0.021151,-0.012261,-0.021816,0.044614,1.0724e-30,-0.035717,-0.019993,-0.041903,0.013771,0.00069683
0.099869,-0.0083017,-0.046266,-4.1208e-31,-0.013942,0.010491,-0.0096065,-0.015055,0.031826,-5.3621e-31,-0.027646,-0.014969,-0.032814,0.010542,0.00069967
0.084965,-0.0090167,-0.048529,-4.1208e-31,-0.014129,0.013524,-0.0097826,-0.016734,0.028044,-5.3621e-31,-0.026896,-0.014698,-0.031971,0.010543,0.00093266
0.079304,-0.0079198,-0.051062,-1.37e-31,-0.014345,0.016286,-0.010388,-0.015517,0.026816,-1.6359e-31,-0.026728,-0.0147,-0.031565,0.010859,0.00060142
0.075611,-0.0078494,-0.055491,1.0111e-30,-0.013073,0.012415,-0.0099115,-0.01529,0.025451,1.0361e-30,-0.024502,-0.01389,-0.029098,0.010482,0.0003807
0.076646,-0.0092642,-0.055466,-6.5423e-31,-0.012845,0.012382,-0.010222,-0.017286,0.027091,-6.1801e-31,-0.025763,-0.0152,-0.030646,0.011424,0.0004604
0.078421,-0.0097708,-0.057866,-8.2415e-31,-0.014075,0.015927,-0.010298,-0.018044,0.027581,-1.0724e-30,-0.027633,-0.016026,-0.032704,0.011673,0.00046005
0.077217,-0.0085834,-0.055235,-2.7401e-31,-0.013174,0.010069,-0.0094091,-0.015902,0.026614,-3.2718e-31,-0.026217,-0.014615,-0.031414,0.010492,0.00051417
0.077632,-0.0076475,-0.057284,-6.5423e-31,-0.013414,0.011971,-0.01011,-0.014049,0.026321,-6.1801e-31,-0.025935,-0.01409,-0.03112,0.010465,0.0002053
0.077929,-0.0083174,-0.056906,7.222e-31,-0.014475,0.017755,-0.010529,-0.016271,0.026858,6.8163e-31,-0.027788,-0.015361,-0.033217,0.011356,0.00063403
0.079186,-0.0094638,-0.056925,-7.222e-31,-0.015043,0.022059,-0.011241,-0.018627,0.027391,-6.8163e-31,-0.029126,-0.016779,-0.034506,0.012341,0.00074038
0.079028,-0.0080732,-0.056973,-2.5277e-31,-0.013906,0.011805,-0.0095882,-0.015103,0.026042,-2.5902e-31,-0.026911,-0.014437,-0.032145,0.010372,0.00057086
0.075674,-0.0076567,-0.057662,5.4802e-31,-0.013847,0.0084735,-0.0095563,-0.014562,0.025283,6.5436e-31,-0.025862,-0.013719,-0.030889,0.010086,0.00066916
0.075825,-0.007721,-0.056375,1.2915e-30,-0.012909,0.014402,-0.0095369,-0.014641,0.025634,1.1724e-30,-0.025535,-0.014058,-0.030341,0.010352,0.00064046
0.07808,-0.0080849,-0.058761,7.222e-31,-0.013991,0.014615,-0.0099424,-0.015213,0.026635,6.8163e-31,-0.027329,-0.015105,-0.032598,0.010859,0.00072211
0.080099,-0.0092836,-0.057014,5.4802e-31,-0.01464,0.018847,-0.011039,-0.017748,0.027523,6.5436e-31,-0.028453,-0.016444,-0.033227,0.012002,0.0006097
0.07644,-0.0084978,-0.055201,7.222e-31,-0.01329,0.013823,-0.0098191,-0.016648,0.026213,6.8163e-31,-0.026125,-0.015046,-0.030934,0.011058,0.00068796
0.076052,-0.0076015,-0.054528,3.6959e-31,-0.013741,0.01154,-0.0089818,-0.014099,0.025477,2.4539e-31,-0.026007,-0.014029,-0.031139,0.010057,0.00071711
0.85182,-0.12731,0.29829,5.4802e-31,-0.23875,0.20703,-0.17395,-0.25186,0.26851,6.5436e-31,-0.46514,-0.23479,-0.59486,0.17596,0.0079468
0.85866,-0.14777,0.29398,-4.6199e-32,-0.22547,0.29845,-0.18042,-0.28679,0.28461,-3.0673e-32,-0.4678,-0.24877,-0.59157,0.18374,0.0038956
0.82791,-0.11857,0.25395,5.0554e-31,-0.2366,0.22042,-0.15917,-0.23836,0.25852,5.1804e-31,-0.44713,-0.21752,-0.58605,0.16288,0.0065874
0.83198,-0.12151,0.29723,3.6959e-31,-0.23342,0.13362,-0.16407,-0.22406,0.25598,2.4539e-31,-0.44714,-0.22253,-0.56714,0.16333,0.010048
0.86348,-0.14305,0.31739,3.6959e-31,-0.25676,0.28832,-0.1841,-0.28335,0.27002,2.4539e-31,-0.48171,-0.2435,-0.61283,0.18355,0.011455
0.88338,-0.12815,0.28687,-5.0554e-31,-0.2608,0.24133,-0.1835,-0.25532,0.27288,-5.1804e-31,-0.48438,-0.23858,-0.60903,0.17986,0.0082284
0.84823,-0.12743,0.29067,-3.611e-31,-0.23395,0.19869,-0.18351,-0.25533,0.26966,-3.4081e-31,-0.44788,-0.23115,-0.57772,0.17998,0.0011982
0.86134,-0.15841,0.30804,-6.5423e-31,-0.22937,0.25998,-0.19319,-0.31367,0.30063,-6.1801e-31,-0.47179,-0.26956,-0.59299,0.20688,0.0058599
0.84246,-0.13776,0.27646,7.222e-31,-0.23615,0.18193,-0.14957,-0.25479,0.26644,6.8163e-31,-0.46064,-0.22872,-0.58846,0.16297,0.0095433
0.83091,-0.12456,0.28279,0,-0.22531,0.23398,-0.17575,-0.24764,0.2729,0,-0.44606,-0.2298,-0.57778,0.17522,0.0025367
0.85087,-0.10748,0.33657,3.6959e-31,-0.24473,0.18377,-0.16642,-0.20361,0.25435,2.4539e-31,-0.45738,-0.21222,-0.59668,0.16077,0.0035179
0.87603,-0.14168,0.34907,-8.6664e-31,-0.25894,0.37839,-0.19826,-0.29606,0.29036,-7.0889e-31,-0.50628,-0.26719,-0.63946,0.20205,0.0084398
0.84404,-0.12775,0.34746,5.4802e-31,-0.24701,0.28052,-0.18011,-0.26307,0.26498,6.5436e-31,-0.47352,-0.23726,-0.60837,0.17981,0.0092132
0.83546,-0.11883,0.2364,7.3919e-31,-0.22712,0.098631,-0.15059,-0.21707,0.24921,4.9077e-31,-0.44172,-0.20647,-0.57039,0.14829,0.0070845
0.86447,-0.12446,0.34495,-3.6959e-31,-0.25425,0.22786,-0.18461,-0.2526,0.27262,-2.4539e-31,-0.47578,-0.24473,-0.60017,0.18802,0.0098138
0.83816,-0.121,0.28141,-3.611e-31,-0.22656,0.23907,-0.16512,-0.23631,0.26434,-3.4081e-31,-0.44892,-0.22015,-0.57462,0.16667,0.0072004
0.89322,-0.13098,0.2971,3.6959e-31,-0.24737,0.26174,-0.1767,-0.255,0.28384,2.4539e-31,-0.48964,-0.25105,-0.62411,0.18261,0.012026
0.87534,-0.14709,0.28915,3.6959e-31,-0.25007,0.30439,-0.19747,-0.30097,0.28937,2.4539e-31,-0.4945,-0.26525,-0.61526,0.20059,0.0068962
0.81709,-0.11166,0.30588,2.7401e-31,-0.23409,0.20264,-0.15514,-0.2259,0.2467,3.2718e-31,-0.42629,-0.21091,-0.54819,0.15958,0.0093163
0.85389,-0.11927,0.31745,-3.6959e-31,-0.25477,0.15606,-0.16069,-0.22671,0.25939,-2.4539e-31,-0.47617,-0.22409,-0.61288,0.16413,0.012158
-0.030044,-0.0077328,0.96979,7.3919e-31,-0.0097352,0.087339,-0.0215,-0.022756,-0.013632,4.9077e-31,-0.010005,-0.014138,-0.0059681,0.01729,-0.00088239
0.00089645,0.0054436,1.0132,0,0.0030824,-0.037584,0.0087136,0.012228,-0.02062,0,0.0078641,0.0081426,0.0070907,-0.0067651,0.0010922
0.0088984,-0.0024918,0.99482,2.7401e-31,-0.0026591,0.013999,-0.0044056,-0.0047528,-0.013086,3.2718e-31,-0.0058157,-0.0054712,-0.0069588,0.0044888,-0.0016527
0.0048593,0.00029044,0.98196,7.222e-31,-0.00064296,-0.010494,-0.00079408,0.00073916,-0.015506,6.8163e-31,0.0032029,0.0013171,0.0038508,0.00027924,-0.00047751
-0.0014099,-0.0032905,0.97825,-4.1208e-31,-0.00031759,0.0017299,-0.00066188,-0.0045703,-0.020051,-5.3621e-31,-0.00094274,-0.0022198,-0.00029683,0.0013246,-0.00024858
0.023735,-0.0065156,1.0363,5.4802e-31,-0.0026013,-0.016291,-0.0030986,-0.01041,-0.010638,6.5436e-31,-0.005344,-0.0058886,-0.0059247,0.0046858,0.00079216
0.0078245,-0.0050767,0.98686,-7.222e-31,-0.0016158,0.0062403,-0.0023031,-0.010789,-0.012169,-6.8163e-31,-0.0065456,-0.006362,-0.0067175,0.0039818,0.001334
0.010515,0.00050865,1.009,2.7401e-31,-0.0018626,-0.00039351,-0.00067097,-0.00061906,-0.017886,3.2718e-31,-0.0021789,-0.00064951,-0.0033007,0.00026855,0.00041227
-0.018411,0.0054763,1.0012,-1.0706e-30,0.0044317,0.0035942,0.0026199,0.0092969,-0.024272,-1.1633e-30,0.0072831,0.0055211,0.0082608,-0.0036938,-0.0002816
-0.010127,-0.0021966,0.96898,5.0554e-31,0.00049946,0.0016965,0.0016158,-0.0030632,-0.019861,5.1804e-31,9.5665e-05,0.00053433,-0.00026345,-0.0011732,0.00061802
0.0031325,-0.00019939,1.0193,-2.7401e-31,-0.0012607,3.6288e-05,0.00092833,4.1156e-05,-0.01772,-3.2718e-31,-0.0018429,0.0001112,-0.0016368,-0.0012261,0.00032164
-0.0010083,0.0014647,1.0052,-1.37e-31,-0.0015313,-0.017762,0.0012108,0.0032705,-0.022819,-1.6359e-31,0.0012469,0.0043076,0.00091977,-0.0036315,-0.00066335
-0.0029079,-0.0029597,1.0246,1.848e-31,0.0014962,-0.022067,-0.0013967,-0.0030247,-0.013292,1.2269e-31,0.00031109,-0.0020756,0.001247,0.001949,0.00045139
-0.0088528,0.0030973,0.99212,9.2399e-32,0.0053864,8.5879e-05,0.0034726,0.0054527,-0.019054,6.1347e-32,0.0074173,0.0037843,0.0086612,-0.0031926,-0.00036519
0.00018366,-0.0028292,1.0676,-7.222e-31,-0.00038283,0.011818,-0.0011179,-0.0049738,-0.015762,-6.8163e-31,-0.0013297,-0.0013816,-0.0010426,0.00072044,-0.00032862
0.00063426,0.0016459,1.0224,7.3919e-31,0.0026493,0.0094274,0.001611,0.002577,-0.017727,4.9077e-31,0.0035319,0.0013111,0.0034199,-0.00067786,-0.00019278
0.013735,-0.0050473,0.99327,-4.1208e-31,-0.005579,-0.0028115,-0.0048157,-0.010817,-0.0119,-5.3621e-31,-0.0105,-0.006782,-0.011522,0.0050982,0.00075532
-0.0062791,-0.0016769,1.0059,1.0111e-30,0.0026691,-0.018855,0.0031168,-0.0013538,-0.013162,1.0361e-30,0.0041372,0.0020474,0.0043088,-0.0023966,0.00066026
-0.00036988,0.00088502,0.97513,7.222e-31,-0.0010687,0.005411,0.00054434,0.0020767,-0.019286,6.8163e-31,0.0004296,0.00085908,0.00046148,-0.00092363,0.00052649
-0.0064761,0.0012476,0.97187,3.6959e-31,-0.0014048,0.00025423,-0.00053848,0.0010361,-0.024843,2.4539e-31,0.0023605,0.0014996,0.0020154,-0.0002259,0.00032635
0.78576,0.2484,0.25388,5.0554e-31,-0.20393,-0.13011,-0.1323,-0.18242,0.1927,5.1804e-31,-0.38326,-0.17378,-0.48331,0.12114,0.015164
0.72516,0.22542,0.22944,-9.2399e-32,-0.13847,-0.55883,-0.096309,-0.2384,0.098914,-6.1347e-32,-0.31474,-0.1382,-0.35029,0.07497,0.049485
0.6424,0.1976,0.20872,1.848e-31,-0.084154,-0.7638,-0.034931,-0.18876,0.048428,1.2269e-31,-0.22597,-0.078069,-0.24902,0.010992,0.076724
0.70749,0.2065,0.28819,-7.3919e-31,-0.078561,-1.442,-0.036583,-0.22495,0.022902,-4.9077e-31,-0.24281,-0.072719,-0.23348,-0.0055107,0.11206
0.6631,0.17172,0.2653,5.4802e-31,-0.038425,-1.7102,0.014555,-0.21415,0.036974,6.5436e-31,-0.18988,-0.041627,-0.17364,-0.055486,0.13437
0.68121,0.15822,0.30247,-5.4802e-31,-0.05598,-1.9813,0.01287,-0.26134,0.018268,-6.5436e-31,-0.19622,-0.05271,-0.19755,-0.040774,0.13351
0.62474,0.16555,0.30136,-4.1208e-31,-0.016135,-2.178,0.033594,-0.16968,0.033574,-5.3621e-31,-0.1357,-0.00058161,-0.1208,-0.090338,0.13226
0.70481,0.18138,0.37899,-5.4802e-31,-0.055206,-1.9526,-0.010714,-0.24285,0.090666,-6.5436e-31,-0.21141,-0.055604,-0.19453,-0.03699,0.13295
0.67053,0.16295,0.37215,1.2915e-30,-0.031178,-2.2295,0.046838,-0.22411,0.043486,1.1724e-30,-0.17206,-0.022437,-0.16202,-0.084269,0.15412
0.7221,0.16189,0.35909,2.7401e-31,-0.029836,-2.1443,0.014398,-0.2563,0.079842,3.2718e-31,-0.19698,-0.047878,-0.17165,-0.054224,0.15651
0.70427,0.16496,0.31092,-2.5277e-31,-0.019237,-2.5716,0.055912,-0.2388,0.044944,-2.5902e-31,-0.16008,-0.0023434,-0.15054,-0.10342,0.16582
0.71338,0.16641,0.41938,3.6959e-31,-0.049053,-1.6708,-0.0066888,-0.27754,0.098074,2.4539e-31,-0.20184,-0.049024,-0.1875,-0.030918,0.14757
0.71993,0.18518,0.38551,-8.5814e-31,-0.038253,-2.2154,0.024833,-0.23753,0.055373,-1.0543e-30,-0.17834,-0.021946,-0.16281,-0.067846,0.16034
0.68736,0.15002,0.35987,1.0111e-30,-0.023493,-2.1727,0.047372,-0.21049,0.05319,1.0361e-30,-0.1624,-0.0046362,-0.14471,-0.091861,0.15796
0.67825,0.1517,0.41319,-3.611e-31,-0.025978,-1.9671,0.012279,-0.22366,0.067904,-3.4081e-31,-0.18485,-0.02791,-0.17012,-0.059882,0.14766
0.72886,0.18118,0.37987,-1.37e-31,-0.022248,-2.4088,0.015989,-0.24661,0.068404,-1.6359e-31,-0.18761,-0.011163,-0.14735,-0.084217,0.17393
0.69363,0.14552,0.37574,-4.1208e-31,-0.0099792,-1.941,0.020504,-0.24427,0.079216,-5.3621e-31,-0.15652,-0.012677,-0.12249,-0.081141,0.15372
0.73122,0.16543,0.3754,8.2415e-31,-0.021938,-2.2702,0.0097237,-0.23827,0.079479,1.0724e-30,-0.1985,-0.029799,-0.14747,-0.080648,0.16776
0.69799,0.13088,0.40049,1.0111e-30,-0.019346,-2.0716,0.0066388,-0.27454,0.076059,1.0361e-30,-0.1724,-0.035277,-0.13508,-0.059572,0.16035
0.70888,0.15236,0.38531,5.0554e-31,-0.016036,-2.0058,0.011208,-0.26414,0.083214,5.1804e-31,-0.19175,-0.033718,-0.14993,-0.055626,0.14773
-0.0018037,-0.11905,0.028295,1.0787,0.051962,0.029113,0.16992,0.16317,-0.00728,4.2679e-05,0.34272,0.11234,-0.0080328,-0.12587,-0.082099
0.024732,-0.056991,0.026397,1.0698,-0.0011425,0.044637,0.12677,0.11832,0.013216,0.0004497,0.14903,0.062647,-0.023651,-0.099797,-0.072474
0.031382,-0.028459,0.016241,1.0636,-0.021713,0.052238,0.10439,0.092463,0.024732,0.00011408,0.077332,0.036097,-0.020911,-0.085816,-0.066302
0.028321,-0.018011,0.0067689,1.0606,-0.026692,0.053868,0.096449,0.081216,0.029212,-0.00037138,0.053858,0.024878,-0.015689,-0.08096,-0.063195
0.023654,-0.014825,-0.00071302,1.0591,-0.027973,0.054206,0.093729,0.076879,0.030797,-0.00025025,0.045715,0.020376,-0.01165,-0.079413,-0.061586
0.01987,-0.01362,-0.0058975,1.0585,-0.02805,0.052992,0.092702,0.074716,0.031482,-0.00076752,0.043527,0.018678,-0.0092829,-0.078863,-0.060985
0.017005,-0.013653,-0.0099697,1.0581,-0.028856,0.050307,0.091927,0.074553,0.031332,-0.00018812,0.040258,0.018345,-0.008193,-0.078651,-0.060622
0.014661,-0.014794,-0.012623,1.0581,-0.028563,0.051454,0.091672,0.075151,0.031158,-0.0001771,0.042032,0.018699,-0.007717,-0.078493,-0.060989
0.012705,-0.015638,-0.01447,1.0581,-0.027825,0.052391,0.092066,0.074924,0.031053,-9.6791e-05,0.043637,0.018681,-0.0071136,-0.078557,-0.060953
0.012281,-0.014954,-0.015928,1.0579,-0.028421,0.053887,0.091663,0.074369,0.031269,0.0001593,0.041323,0.018316,-0.0072941,-0.078444,-0.06085
0.011958,-0.014476,-0.017838,1.0579,-0.027457,0.05265,0.092188,0.073757,0.031296,0.00042264,0.043019,0.017812,-0.0069923,-0.078698,-0.060502
0.011941,-0.013955,-0.018937,1.058,-0.027908,0.052814,0.092139,0.074236,0.031285,-0.00025227,0.041851,0.017819,-0.007047,-0.078595,-0.060687
0.011885,-0.013813,-0.019475,1.058,-0.027818,0.05362,0.092114,0.074037,0.031262,-0.00021899,0.041879,0.01767,-0.0073382,-0.078588,-0.060568
0.011636,-0.015006,-0.019927,1.058,-0.028192,0.053665,0.091651,0.07404,0.03113,0.00013145,0.041222,0.018155,-0.0073059,-0.078375,-0.060734
0.011751,-0.012776,-0.020757,1.0577,-0.028574,0.053568,0.091431,0.073452,0.031261,2.2411e-06,0.039392,0.017559,-0.0069907,-0.078496,-0.060418
0.011107,-0.01387,-0.020583,1.0579,-0.028469,0.052154,0.091491,0.073875,0.031192,1.0953e-05,0.039988,0.017714,-0.0071718,-0.07843,-0.060641
0.010004,-0.014069,-0.020941,1.058,-0.027947,0.055322,0.091887,0.074284,0.030959,-0.00021756,0.042681,0.018166,-0.0065793,-0.078604,-0.060802
0.010733,-0.013421,-0.02135,1.0581,-0.027838,0.055659,0.091878,0.074563,0.031011,-9.0111e-05,0.042053,0.017893,-0.0069671,-0.078658,-0.060787
0.011832,-0.014375,-0.021417,1.058,-0.028754,0.055809,0.09102,0.073445,0.031648,-0.00034684,0.039744,0.016926,-0.0080534,-0.077868,-0.060822
0.011832,-0.014375,-0.021417,1.058,-0.028754,0.055809,0.09102,0.073445,0.031648,-0.00034684,0.039744,0.016926,-0.0080534,-0.077868,-0.060822
0.66047,1.017,-0.10327,1.848e-31,-0.75034,0.42862,-0.83479,-1.3246,0.61057,0.0093403,-2.2035,-1.1668,-0.31686,0.55721,0.21142
0.18766,0.79464,-0.44724,-3.611e-31,-0.56039,0.31786,-0.67508,-1.1316,0.51667,-0.010355,-1.7695,-0.98157,0.14171,0.44337,0.19798
-0.36751,0.68059,-0.91048,8.2415e-31,-0.36789,0.20157,-0.52218,-0.99209,0.42555,-0.041061,-1.4495,-0.87822,0.50522,0.32191,0.20901
-0.78251,0.52577,-1.2737,0,-0.1975,0.19148,-0.35061,-0.71475,0.28269,0.0221,-1.0773,-0.68157,0.66891,0.17237,0.20516
-1.39,0.58323,-1.9454,-5.4802e-31,-0.008765,-0.52629,-0.28924,-0.80829,0.22902,-0.16893,-0.77767,-0.60764,1.0531,0.11121,0.1855
-1.2401,0.3257,-2.0771,-1.848e-31,-0.36059,-1.1827,-0.34345,-0.13429,0.047759,0.25937,-1.2049,-0.26503,0.68198,0.11495,0.10269
-2.5423,1.13,-4.1251,9.2399e-32,2.9955,1.8596,-0.48035,1.0507,-0.72293,-0.1277,22.601,0.78723,2.099,-0.16593,-0.27928
-2.4927,0.72752,-2.2925,-3.611e-31,4.0572,0.55684,0.40602,-0.65187,-0.22845,0.13546,2.3135,-0.42525,2.0649,-0.21743,0.30324
-1.1936,1.0126,-1.1405,1.848e-31,-0.40037,0.99423,-0.4154,-0.79086,0.24683,0.15551,-1.5687,-0.60391,0.47985,0.13343,0.1801
-1.6896,1.047,-1.9859,1.0111e-30,4.0826,-0.88482,0.43614,-0.93833,0.0040711,0.29305,3.064,-0.77166,1.0626,-0.22556,0.42933
-2.3045,1.8161,-3.3509,-7.3919e-31,-0.49902,-1.052,-0.054867,-0.5243,-0.052876,-4.6461,-1.9962,-0.82182,1.8291,-0.16003,0.36158
-1.8452,1.2922,-0.72358,-5.4802e-31,0.34634,0.92297,-0.3542,-0.84774,-0.14825,0.061553,-0.59,-0.57773,1.1109,0.11471,0.26275
-1.7033,0.086502,-0.98385,-6.4573e-31,-0.37733,0.018414,-0.78157,-0.56494,-0.057279,0.43381,-1.283,0.13049,1.154,0.39654,-0.012223
-0.85731,1.3105,-0.60408,5.4802e-31,-0.27061,-0.23669,-0.30532,-0.66052,0.18706,-0.10406,-1.317,-0.66052,0.63159,-0.052659,0.25274
-3.016,1.1609,-0.15008,-7.3919e-31,4.3983,-15.061,0.70019,1.0391,-0.82041,0.35921,3.5757,0.59849,3.1714,-0.42308,-0.42168
-3.8331,2.0427,-2.363,-5.4802e-31,-2.21,15.313,-12.59,3.7929,-2.8492,4.1566,-4.3546,8.7534,6.1669,-28.584,-1.1171
-2.203,2.6154,-2.4695,-6.5423e-31,1.5014,26.077,-0.40554,1.1282,-0.56266,3.4216,-1.4172,-1.2091,0.99502,-0.072038,0.88769
-0.72993,0.54087,0.047935,-6.4573e-31,-0.6885,-0.78653,-1.0983,-2.0719,0.81589,-0.3781,-2.2317,-1.4459,-0.28914,0.87126,0.16177
-0.87789,1.0559,0.21977,-8.5814e-31,0.26759,-0.58374,-0.22984,-0.869,0.16034,0.30072,-0.92472,-0.64673,0.65951,0.075521,0.2506
-0.87789,1.0559,0.21977,-8.5814e-31,0.26759,-0.58374,-0.22984,-0.869,0.16034,0.30072,-0.92472,-0.64673,0.65951,0.075521,0.2506
0.57674,0.88719,-0.02703,1.848e-31,-0.69149,0.33014,-0.77349,-1.2037,0.57157,-0.014779,-2.041,-1.0655,-0.21856,0.50739,0.20372
0.24899,0.7094,-0.17175,-5.4802e-31,-0.58422,0.36099,-0.68409,-1.1213,0.5226,-0.0018901,-1.7884,-0.98589,0.067661,0.45892,0.18958
-0.10294,0.5887,-0.26326,-6.4573e-31,-0.44142,0.23873,-0.5904,-1.0483,0.46939,-0.04221,-1.5734,-0.92437,0.32852,0.38034,0.20141
-0.31388,0.53404,-0.25103,-1.0706e-30,-0.43071,0.34711,-0.53716,-0.92223,0.40363,-0.013961,-1.5095,-0.84087,0.37779,0.32837,0.19117
-0.38371,0.49239,-0.017485,7.3919e-31,-0.46571,0.1542,-0.55051,-0.99644,0.41176,-0.047981,-1.5642,-0.84879,0.36255,0.34318,0.19228
-0.33237,0.46199,0.05891,0,-0.47794,0.14648,-0.58578,-0.86326,0.39514,0.042599,-1.561,-0.79895,0.27726,0.36119,0.16654
-0.33802,0.61117,0.24888,-1.0111e-30,-0.50621,0.41649,-0.59998,-0.93038,0.38001,0.007142,-1.6243,-0.83763,0.27157,0.3544,0.18551
-0.30388,0.49663,0.32439,-6.6272e-31,-0.47313,0.397,-0.5435,-0.99235,0.40976,0.015511,-1.5857,-0.85956,0.25818,0.33693,0.19888
-0.16706,0.63485,0.50687,7.3919e-31,-0.56326,0.42093,-0.64858,-1.0425,0.46132,-0.028528,-1.7469,-0.90524,0.16787,0.403,0.17344
-0.14253,0.50054,0.40451,-5.0554e-31,-0.49936,0.22148,-0.57291,-0.99487,0.43219,0.017169,-1.6007,-0.88578,0.20144,0.36842,0.19542
-0.13495,0.5881,0.55952,7.3919e-31,-0.56746,0.32187,-0.63951,-1.1014,0.48618,-0.084258,-1.7392,-0.94383,0.19211,0.42317,0.20129
-0.14288,0.51541,0.65223,-1.0706e-30,-0.52607,0.38372,-0.61953,-0.98525,0.42754,0.025926,-1.631,-0.87951,0.17356,0.40233,0.17449
-0.1452,0.49691,0.57955,-5.0554e-31,-0.55931,0.40834,-0.64951,-1.0026,0.43541,0.056612,-1.6777,-0.87286,0.17811,0.41926,0.16481
-0.081201,0.61718,0.70157,9.2399e-32,-0.53742,0.48042,-0.64096,-1.0665,0.4694,-0.004435,-1.6752,-0.9567,0.1532,0.40916,0.19492
-0.19243,0.54019,0.68263,5.0554e-31,-0.49811,0.31204,-0.5973,-1.0044,0.44976,0.00083736,-1.5997,-0.89514,0.20223,0.3894,0.18261
-0.19088,0.51871,0.71642,-7.3919e-31,-0.5482,0.45865,-0.62689,-1.0209,0.46326,-0.0084989,-1.6569,-0.8808,0.18327,0.41177,0.16887
-0.086606,0.62208,0.61458,5.0554e-31,-0.54497,0.225,-0.61199,-0.98299,0.42769,0.0383,-1.6866,-0.90725,0.15325,0.39412,0.19504
-0.060654,0.5708,0.6715,-5.0554e-31,-0.54689,0.052628,-0.64118,-1.0765,0.46023,-0.021931,-1.731,-0.93215,0.15118,0.41451,0.19506
-0.066211,0.52091,0.71314,0,-0.52856,0.30025,-0.63996,-1.1163,0.47808,0.026971,-1.687,-0.96514,0.11653,0.44294,0.19116
-0.066211,0.52091,0.71314,0,-0.52856,0.30025,-0.63996,-1.1163,0.47808,0.026971,-1.687,-0.96514,0.11653,0.44294,0.19116
0.033473,0.70998,-0.2134,-3.611e-31,-0.55576,0.18208,-0.67706,-1.1449,0.48549,0.0034126,-1.8138,-0.94418,0.077317,0.38719,0.2232
-0.17957,0.56127,-0.39765,1.848e-31,-0.47189,0.032542,-0.58836,-1.0092,0.44058,0.022581,-1.5546,-0.89294,0.25522,0.37877,0.18419
-0.54299,0.46256,-0.50258,5.4802e-31,-0.34649,0.048066,-0.53252,-0.9236,0.36779,-0.032983,-1.3567,-0.83056,0.46842,0.31703,0.20903
-0.70639,0.46808,-0.58812,3.6959e-31,-0.36487,0.1373,-0.43266,-0.75737,0.25006,-0.009526,-1.331,-0.75111,0.55395,0.20704,0.17456
-0.71735,0.48433,-0.41574,7.3919e-31,-0.43627,-0.85338,-0.51536,-0.89867,0.22408,-0.038928,-1.4668,-0.79784,0.47031,0.27043,0.22535
-0.73611,0.34221,-0.34824,-3.611e-31,-0.42205,0.10214,-0.60083,-0.883,0.25161,-0.0040764,-1.4344,-0.75808,0.39087,0.33325,0.19229
-0.77026,0.49581,-0.16319,-1.0111e-30,-0.46086,0.87443,-0.53058,-0.86354,0.26404,-0.025153,-1.4565,-0.78197,0.38051,0.33876,0.13585
-0.73357,0.50436,-0.062176,5.0554e-31,-0.47241,1.1052,-0.5554,-0.99464,0.2888,-0.025841,-1.4889,-0.89188,0.29438,0.36651,0.15487
-0.49392,0.49454,0.098996,-7.222e-31,-0.50785,0.082212,-0.59581,-0.99766,0.30656,-0.00034514,-1.5341,-0.81943,0.23757,0.36135,0.15239
-0.54492,0.44289,0.065052,8.2415e-31,-0.44753,-0.18555,-0.54988,-1.0103,0.28191,-0.03396,-1.4657,-0.87525,0.35335,0.3252,0.19537
-0.50466,0.4651,0.20084,-6.4573e-31,-0.53458,1.4656,-0.66007,-1.0024,0.3623,-0.085277,-1.6292,-0.94678,0.261,0.46189,0.13992
-0.59118,0.3998,0.34613,-8.6664e-31,-0.50551,1.2848,-0.58211,-0.91463,0.31505,-0.0010959,-1.4893,-0.8592,0.25749,0.39894,0.10101
-0.52028,0.45516,0.44357,3.6959e-31,-0.56517,1.7375,-0.73305,-1.0226,0.37292,0.0047279,-1.6482,-0.89733,0.18679,0.51408,0.14115
-0.48847,0.54916,0.46105,0,-0.50142,1.5276,-0.66851,-1.0126,0.37114,-0.046261,-1.573,-0.98143,0.20057,0.44333,0.15316
-0.6148,0.42589,0.46724,-7.222e-31,-0.46003,0.69818,-0.58616,-0.87059,0.34106,0.041014,-1.4249,-0.8479,0.24273,0.38403,0.12689
-0.72976,0.35401,0.52954,5.4802e-31,-0.4681,1.4655,-0.62864,-0.91741,0.28942,0.036888,-1.4607,-0.82121,0.31592,0.41576,0.10352
-0.56257,0.53261,0.37582,8.2415e-31,-0.52688,0.59677,-0.64699,-0.88344,0.31322,-0.006801,-1.5814,-0.86747,0.26656,0.37738,0.18464
-0.49286,0.43161,0.49293,-7.222e-31,-0.52023,1.0269,-0.66885,-0.88414,0.34222,-0.020646,-1.5837,-0.8269,0.26994,0.43527,0.14954
-0.4817,0.4661,0.5032,-4.6199e-32,-0.5345,1.0761,-0.65522,-0.98986,0.44127,0.036138,-1.6303,-0.97297,0.11833,0.4895,0.10992
-0.4817,0.4661,0.5032,-4.6199e-32,-0.5345,1.0761,-0.65522,-0.98986,0.44127,0.036138,-1.6303,-0.97297,0.11833,0.4895,0.10992
0.16206,1.5355,-0.41476,-6.6272e-31,0.42203,-0.29323,-0.6514,-2.1218,0.21306,0.04588,-2.4273,-1.5901,-0.017588,-0.0062929,0.70573
-0.028813,1.329,-0.49116,-4.1208e-31,0.14117,-0.31792,-0.63633,-1.869,0.15586,0.048958,-2.2713,-1.4148,0.15827,0.0017486,0.65133
-0.18939,1.1415,-0.48467,-3.611e-31,0.22033,-0.42425,-0.56109,-1.6462,0.081103,0.062384,-2.0654,-1.2484,0.24188,-0.039846,0.61708
-0.26889,0.99612,-0.44723,-3.611e-31,0.30532,-0.54413,-0.50732,-1.4513,0.0036192,0.066764,-1.9403,-1.0801,0.2416,-0.088537,0.59288
-0.28428,0.9314,-0.34743,3.6959e-31,0.33102,-0.61739,-0.49838,-1.3583,-0.037304,0.077706,-1.8863,-0.97948,0.22037,-0.10034,0.57266
-0.28041,0.87382,-0.27306,1.2915e-30,0.32949,-0.62659,-0.48515,-1.3115,-0.058774,0.079247,-1.8783,-0.92969,0.197,-0.11254,0.568
-0.25933,0.88897,-0.16723,-5.4802e-31,0.37179,-0.51337,-0.4769,-1.3283,-0.052135,0.08244,-1.8169,-0.93601,0.17892,-0.10613,0.56224
-0.23191,0.94016,-0.10888,7.3919e-31,0.36063,-0.5674,-0.45785,-1.3459,-0.05073,0.086795,-1.8504,-0.95127,0.17234,-0.11886,0.57383
-0.20318,0.94265,-0.04515,-8.6664e-31,0.33251,-0.62886,-0.47051,-1.3142,-0.047927,0.087681,-1.873,-0.94431,0.1588,-0.11571,0.56871
-0.19748,0.92561,0.023273,-1.0111e-30,0.35201,-0.67802,-0.46599,-1.3259,-0.056922,0.079008,-1.8413,-0.94634,0.15484,-0.11595,0.57317
-0.20713,0.89502,0.077267,1.0111e-30,0.30241,-0.64792,-0.49005,-1.2604,-0.068088,0.083711,-1.8878,-0.89871,0.14974,-0.11192,0.55824
-0.21441,0.87297,0.086625,-9.2611e-31,0.33414,-0.66704,-0.4751,-1.2714,-0.071001,0.080374,-1.8471,-0.88462,0.16569,-0.12193,0.56149
-0.21773,0.87158,0.094897,-6.6272e-31,0.32955,-0.67287,-0.47531,-1.2798,-0.070606,0.089166,-1.8492,-0.87465,0.17778,-0.12625,0.56069
-0.19557,0.91208,0.1258,-7.222e-31,0.35217,-0.66207,-0.46068,-1.2939,-0.061782,0.08303,-1.8266,-0.9257,0.16319,-0.1281,0.56817
-0.20831,0.8474,0.15651,0,0.35327,-0.66752,-0.46317,-1.2637,-0.071859,0.093798,-1.8084,-0.89848,0.15668,-0.1214,0.56026
-0.18765,0.8822,0.16512,-4.1208e-31,0.34432,-0.56949,-0.46954,-1.2609,-0.065979,0.086745,-1.8157,-0.9035,0.15127,-0.11718,0.56144
-0.16957,0.89248,0.17914,-7.3919e-31,0.32412,-0.65987,-0.478,-1.2894,-0.059368,0.077953,-1.8745,-0.91234,0.14345,-0.11498,0.56699
-0.20036,0.86366,0.19805,-4.1208e-31,0.33052,-0.68158,-0.47238,-1.2592,-0.066234,0.087561,-1.8455,-0.87799,0.162,-0.11768,0.55974
-0.2367,0.90615,0.20671,8.2415e-31,0.36309,-0.67715,-0.4512,-1.2425,-0.083414,0.082024,-1.8109,-0.85704,0.19422,-0.14185,0.56693
-0.2367,0.90615,0.20671,8.2415e-31,0.36309,-0.67715,-0.4512,-1.2425,-0.083414,0.082024,-1.8109,-0.85704,0.19422,-0.14185,0.56693
0.60447,2.15,-0.46467,-5.4802e-31,-0.8886,0.44576,-1.2914,-2.9773,0.77104,0.40453,-2.9624,-2.2797,-0.26074,0.6674,0.58431
0.48674,1.9802,-0.43199,9.2399e-32,-0.92163,0.51432,-1.2342,-2.7013,0.73008,0.41742,-2.8872,-2.1313,-0.10448,0.64774,0.538
0.38629,1.8431,-0.16997,8.2415e-31,-0.84965,0.36223,-1.1858,-2.5907,0.72352,0.45279,-2.8046,-2.0746,0.0051341,0.64391,0.50364
0.23503,1.8094,-0.14236,7.222e-31,-0.84964,0.59697,-1.1632,-2.3081,0.66255,0.51196,-2.8008,-1.9726,0.074109,0.6047,0.45744
0.22804,1.7511,0.035733,-7.222e-31,-0.85101,0.38802,-1.1532,-2.3938,0.66389,0.5202,-2.7996,-1.9772,0.066178,0.60273,0.47197
0.22672,1.7384,0.021314,1.2915e-30,-0.84068,0.39947,-1.1455,-2.3271,0.66058,0.55519,-2.7938,-1.9593,0.039669,0.61082,0.45158
0.20816,1.7484,0.13609,1.2915e-30,-0.85405,0.56976,-1.1194,-2.3664,0.64715,0.5533,-2.8065,-1.8969,0.05109,0.57601,0.47618
0.23713,1.7134,0.13818,-9.2399e-32,-0.83684,0.53384,-1.0854,-2.3716,0.65453,0.5347,-2.7907,-1.9301,0.036435,0.56365,0.48892
0.25827,1.7872,0.2351,1.848e-31,-0.85635,0.42257,-1.1183,-2.4094,0.66049,0.5433,-2.8085,-1.9526,0.015434,0.58443,0.46761
0.25613,1.736,0.30369,-7.222e-31,-0.85046,0.44499,-1.1282,-2.3901,0.66323,0.54549,-2.7967,-1.9757,0.017621,0.60471,0.47921
0.25818,1.7355,0.38485,-8.6664e-31,-0.90358,0.4367,-1.1669,-2.3094,0.66547,0.56727,-2.8312,-1.9133,-0.0097785,0.6247,0.44134
0.23593,1.7652,0.35923,-2.5277e-31,-0.88064,0.48868,-1.1318,-2.3309,0.64894,0.54846,-2.8142,-1.9339,0.035125,0.59635,0.46239
0.26653,1.697,0.34372,8.2415e-31,-0.86148,0.36436,-1.1335,-2.4074,0.67022,0.54443,-2.7977,-1.9494,0.016358,0.60429,0.46184
0.28408,1.7547,0.42946,-6.6272e-31,-0.88694,0.52587,-1.1776,-2.3943,0.68632,0.54981,-2.8047,-1.9881,-0.024758,0.64084,0.4587
0.22602,1.74,0.42398,7.3919e-31,-0.84464,0.65272,-1.1271,-2.2935,0.6647,0.57034,-2.7568,-1.9531,0.011522,0.60891,0.44673
0.24046,1.7274,0.40107,-8.5814e-31,-0.84752,0.61953,-1.1203,-2.3261,0.65885,0.55033,-2.798,-1.9157,0.0071001,0.59076,0.45875
0.26133,1.7459,0.35905,-6.5423e-31,-0.859,0.46646,-1.1204,-2.291,0.64784,0.5435,-2.7888,-1.9146,0.044836,0.58344,0.47335
0.21216,1.7816,0.43747,1.0111e-30,-0.87653,0.37064,-1.1514,-2.2813,0.64132,0.54889,-2.8045,-1.9042,0.053441,0.59961,0.44634
0.22467,1.7493,0.43344,-6.4573e-31,-0.86903,0.45012,-1.14,-2.2994,0.65295,0.55354,-2.7943,-1.9199,0.039601,0.60462,0.46009
0.22467,1.7493,0.43344,-6.4573e-31,-0.86903,0.45012,-1.14,-2.2994,0.65295,0.55354,-2.7943,-1.9199,0.039601,0.60462,0.46009
0.44772,2.0756,-0.56076,1.2915e-30,-0.7936,0.10377,-1.1858,-2.701,0.68276,0.40725,-2.925,-2.1651,-0.115,0.54512,0.59383
0.31797,1.8559,-0.68612,9.2399e-32,-0.82576,0.44362,-1.1492,-2.5734,0.67531,0.50709,-2.8208,-2.0786,0.014902,0.58118,0.522
0.098642,1.6699,-0.63154,7.3919e-31,-0.69118,0.28702,-1.0251,-2.3536,0.62289,0.62587,-2.666,-1.9754,0.2024,0.51905,0.49608
-0.052398,1.596,-0.69134,1.848e-31,-0.65798,0.56003,-0.94829,-1.9602,0.54517,0.75783,-2.624,-1.8182,0.24084,0.46277,0.43856
-0.070237,1.5364,-0.40713,2.7401e-31,-0.6874,0.23022,-0.91477,-1.9073,0.51105,0.84135,-2.6234,-1.7082,0.22231,0.44854,0.39864
-0.076987,1.4085,-0.47545,7.222e-31,-0.68878,0.038843,-0.93859,-1.5665,0.48177,0.92177,-2.6476,-1.5672,0.18146,0.46479,0.34665
-0.061347,1.5544,-0.23654,-7.3919e-31,-0.67203,0.33643,-0.90128,-1.7113,0.47568,0.94636,-2.6186,-1.5958,0.16244,0.42279,0.36558
-0.056139,1.4225,-0.23011,8.2415e-31,-0.62066,0.48786,-0.81604,-1.7858,0.4862,0.914,-2.5744,-1.6539,0.15873,0.40058,0.39302
0.045233,1.5768,0.016003,-7.3919e-31,-0.72168,0.39687,-0.91315,-1.7927,0.50829,0.93069,-2.688,-1.6303,0.097691,0.43701,0.35559
0.04908,1.3758,-0.010728,-8.2415e-31,-0.65319,0.25485,-0.85898,-1.8739,0.49958,0.91866,-2.5705,-1.68,0.12296,0.43854,0.39847
0.043337,1.4612,0.10472,1.848e-31,-0.72204,0.27142,-0.87448,-1.8099,0.50085,0.93001,-2.6386,-1.6044,0.10249,0.43341,0.38392
0.02666,1.3748,0.2577,-6.6272e-31,-0.69747,0.42377,-0.89963,-1.6895,0.48119,0.95366,-2.6165,-1.5992,0.09851,0.46704,0.34321
-0.015618,1.3668,0.18659,-7.3919e-31,-0.7424,0.41748,-0.93408,-1.7372,0.49414,0.96039,-2.6713,-1.5909,0.11864,0.48156,0.33519
0.10968,1.5614,0.26286,0,-0.67092,0.48736,-0.9048,-2.0235,0.53822,0.89917,-2.5834,-1.7897,0.073453,0.45523,0.41805
-0.00023526,1.42,0.23327,5.0554e-31,-0.63481,0.1214,-0.85292,-1.7446,0.49158,0.9663,-2.5448,-1.6421,0.1173,0.43208,0.36062
0.034297,1.3694,0.32983,9.2399e-32,-0.7067,0.4809,-0.88636,-1.6854,0.48073,0.97568,-2.5936,-1.543,0.057869,0.44356,0.3367
0.15282,1.5789,0.21191,8.2415e-31,-0.72171,0.27618,-0.90815,-1.7525,0.4857,0.95094,-2.6424,-1.6753,0.029916,0.45343,0.38312
0.10786,1.5248,0.31186,-5.4802e-31,-0.71477,0.0060102,-0.92418,-1.7862,0.49649,0.89884,-2.6518,-1.6605,0.074537,0.46751,0.36787
0.081535,1.4974,0.3549,-7.222e-31,-0.70562,0.28797,-0.94064,-1.8577,0.52088,0.91692,-2.6265,-1.7376,0.058322,0.49909,0.38803
0.081535,1.4974,0.3549,-7.222e-31,-0.70562,0.28797,-0.94064,-1.8577,0.52088,0.91692,-2.6265,-1.7376,0.058322,0.49909,0.38803
0.23482,2.1101,-0.63835,8.2415e-31,-0.63994,0.097546,-1.1746,-3.1303,0.6915,0.40102,-2.8863,-2.2887,0.020192,0.42583,0.72246
0.22719,1.8225,-1.1031,2.7401e-31,-0.73232,0.071581,-1.0893,-2.7956,0.68163,0.41069,-2.7686,-2.1626,0.053785,0.54185,0.57151
-0.046866,1.6834,-0.95979,1.0111e-30,-0.62618,-0.45954,-1.0301,-2.5546,0.61809,0.51987,-2.6276,-2.0648,0.27959,0.48841,0.57859
-0.071484,1.611,-1.2689,-8.6664e-31,-0.62723,0.034761,-0.90174,-2.2827,0.50961,0.5812,-2.6285,-1.9952,0.39688,0.35415,0.52455
-0.078873,1.7134,-0.98277,2.7401e-31,-0.71529,-1.7372,-0.96578,-2.251,0.40132,0.63326,-2.6786,-1.9499,0.36429,0.36562,0.53427
-0.16454,1.349,-1.1149,-9.2399e-32,-0.69232,-0.61938,-1.0541,-2.0277,0.45019,0.66143,-2.6634,-1.7578,0.25774,0.47662,0.46436
-0.22715,1.6065,-0.91283,-6.4573e-31,-0.65424,-0.19387,-0.88845,-2.1149,0.46218,0.69406,-2.6075,-1.6873,0.34734,0.39687,0.43679
-0.27826,1.5913,-0.94314,1.0111e-30,-0.65123,0.73215,-0.91019,-2.2809,0.53739,0.66611,-2.6221,-1.9421,0.21133,0.47408,0.47698
-0.035451,1.5732,-0.59881,7.3919e-31,-0.73411,-0.6846,-0.98715,-2.3668,0.48198,0.63849,-2.6943,-1.7576,0.21292,0.45429,0.44323
-0.0021705,1.4642,-0.78987,5.0554e-31,-0.62629,-2.3525,-0.86279,-2.564,0.45978,0.63996,-2.5771,-1.8349,0.32187,0.34152,0.56887
-0.089107,1.4425,-0.36086,1.848e-31,-0.75697,0.48822,-0.97828,-2.2946,0.55963,0.67027,-2.6941,-1.8754,0.21107,0.52433,0.44828
-0.11789,1.3738,-0.12116,2.7401e-31,-0.72193,0.15018,-0.96146,-2.1727,0.47289,0.65647,-2.6714,-1.8384,0.24932,0.47765,0.45918
-0.30594,1.4369,-0.11399,7.222e-31,-0.79677,2.2185,-1.1422,-2.1718,0.55385,0.76325,-2.7686,-1.7798,0.14627,0.64149,0.41408
0.0011694,1.6151,-0.045788,5.0554e-31,-0.68817,0.85414,-1.0287,-2.5367,0.57926,0.64625,-2.6203,-2.0508,0.098981,0.51511,0.50362
-0.18588,1.4157,0.041138,8.2415e-31,-0.63595,0.40619,-1.0353,-2.2524,0.58515,0.75784,-2.5938,-1.9357,0.14684,0.5342,0.42362
-0.225,1.3627,0.22293,-1.848e-31,-0.69693,1.7957,-1.0136,-2.1489,0.53954,0.78287,-2.6225,-1.8078,0.12104,0.53347,0.36121
0.029818,1.5964,-0.05265,-6.6272e-31,-0.74265,-0.27232,-0.99318,-2.1089,0.51262,0.7211,-2.6977,-1.8752,0.1369,0.47298,0.51831
-0.0548,1.4382,0.091096,5.4802e-31,-0.7125,0.04951,-0.98644,-1.97,0.49136,0.71834,-2.7089,-1.6728,0.28672,0.48938,0.43887
-0.11309,1.562,0.098311,1.0111e-30,-0.77137,0.0056213,-1.0371,-2.231,0.59654,0.67208,-2.6873,-1.9717,0.084261,0.5694,0.44654
-0.11309,1.562,0.098311,1.0111e-30,-0.77137,0.0056213,-1.0371,-2.231,0.59654,0.67208,-2.6873,-1.9717,0.084261,0.5694,0.44654
0.35036,-0.029542,-0.41344,0,-0.62522,0.59473,-0.48505,-0.69233,0.59724,0,-1.3341,-0.62686,-1.7267,0.46673,0.018754
